member_id,name,gender,email,phone,fav_drink,birthdate,member_since,level,recent_visit,recency,frequency,monetary
1,Mook,F,Mook.f@carnationmail.com,0629227486,Bubble Tea,1991-06-24,2022-01-02 00:00:00,diamond,2024-02-05 18:16:00,330.0,482.0,81570.0
2,Julian,M,Julian.d@tulipmail.com,0849194945,Bubble Tea,1984-03-18,2022-01-08 00:00:00,diamond,2024-12-10 17:10:00,21.0,652.0,104630.0
3,Knox,M,Knox.k@rosemail.com,0842389156,Bubble Tea,1990-11-04,2022-01-10 00:00:00,diamond,2024-12-24 18:15:00,7.0,659.0,109630.0
4,Iya,F,Iya.c@dahlia.com,0647201608,Bubble Tea,1963-10-08,2022-01-13 00:00:00,diamond,2024-12-27 12:47:00,4.0,641.0,108040.0
5,Jeed,F,Jeed.l@lotusmail.com,0681352185,Yuzu Tea,1971-08-03,2022-01-14 00:00:00,diamond,2024-07-01 09:58:00,183.0,617.0,107770.0
6,Gladys,F,Gladys.h@sunflowermail.com,0808464262,Bubble Tea,2008-03-16,2022-01-15 00:00:00,diamond,2024-12-23 17:46:00,8.0,643.0,108770.0
7,Cyrano,M,Cyrano.c@carnationmail.com,0639315134,Bubble Tea,2007-10-04,2022-01-16 00:00:00,diamond,2024-03-06 19:21:00,300.0,559.0,89290.0
8,Max,M,Max.g@sunflowermail.com,0860412773,Thai Tea,2001-05-25,2022-01-19 00:00:00,diamond,2024-01-06 16:37:00,360.0,395.0,59905.0
9,Hamlet,M,Hamlet.l@daisymail.com,0849658380,Bubble Tea,1994-08-23,2022-01-19 00:00:00,diamond,2024-07-01 10:51:00,183.0,633.0,109990.0
10,Aurora,F,Aurora.a@irismail.com,0807129631,Bubble Tea,1960-04-13,2022-01-19 00:00:00,diamond,2024-12-24 12:32:00,7.0,594.0,98225.0
11,Kat,F,Kat.o@daisymail.com,0698922483,Bubble Tea,1986-11-26,2022-01-20 00:00:00,diamond,2024-03-06 16:08:00,300.0,555.0,101630.0
12,Tybalt,M,Tybalt.f@lilymail.com,0672101032,Bubble Tea,1996-12-18,2022-01-21 00:00:00,diamond,2024-12-24 12:03:00,7.0,674.0,115345.0
13,Win,M,Win.f@rosemail.com,0680369609,Bubble Tea,1988-12-11,2022-01-22 00:00:00,diamond,2024-12-18 09:00:00,13.0,664.0,115185.0
14,Yuka,F,Yuka.c@dahlia.com,0946572766,Bubble Tea,1996-08-14,2022-01-22 00:00:00,diamond,2024-12-17 14:40:00,14.0,697.0,113610.0
15,Cube,M,Cube.o@tulipmail.com,0617896313,Bubble Tea,1995-07-20,2022-01-22 00:00:00,diamond,2024-07-03 16:38:00,181.0,557.0,94545.0
16,Palm,M,Palm.e@irismail.com,0641589300,Yuzu Tea,1966-03-18,2022-01-26 00:00:00,diamond,2024-12-23 13:31:00,8.0,660.0,109800.0
17,Limberg,M,Limberg.n@lotusmail.com,0600445532,Bubble Tea,1982-11-21,2022-01-26 00:00:00,diamond,2024-12-14 08:56:00,17.0,661.0,106530.0
18,Aun,M,Aun.r@lilymail.com,0827659017,Bubble Tea,1972-08-16,2022-01-30 00:00:00,diamond,2024-12-20 15:17:00,11.0,642.0,107610.0
19,Lopez,M,Lopez.x@tulipmail.com,0829960588,Bubble Tea,1976-05-06,2022-02-02 00:00:00,diamond,2024-05-03 10:28:00,242.0,358.0,54485.0
20,Jacques,M,Jacques.v@lilymail.com,0615707850,Yuzu Tea,1979-06-16,2022-02-04 00:00:00,diamond,2024-12-17 18:54:00,14.0,411.0,63940.0
21,Ruby,F,Ruby.b@carnationmail.com,0800338934,Bubble Tea,1962-06-24,2022-02-05 00:00:00,diamond,2024-12-27 15:29:00,4.0,467.0,76770.0
22,Elise,F,Elise.v@dahlia.com,0945842902,Thai Tea,1966-10-10,2022-02-05 00:00:00,diamond,2024-07-03 07:24:00,181.0,369.0,68595.0
23,Felicity,F,Felicity.s@carnationmail.com,0889825864,Thai Tea,2002-10-22,2022-02-06 00:00:00,diamond,2024-12-23 08:35:00,8.0,440.0,77295.0
24,Kae,F,Kae.i@rosemail.com,0621499684,Bubble Tea,1969-09-05,2022-02-08 00:00:00,diamond,2024-09-29 13:51:00,93.0,390.0,63635.0
25,Jane,F,Jane.x@daffodilmail.com,0851369707,Bubble Tea,1960-05-31,2022-02-08 00:00:00,diamond,2024-12-17 10:08:00,14.0,412.0,66340.0
26,Piper,F,Piper.k@carnationmail.com,0614744411,Bubble Tea,2001-08-13,2022-02-09 00:00:00,platinum,2024-04-05 15:58:00,270.0,296.0,54210.0
27,Pam,F,Pam.q@daisymail.com,0836818076,Bubble Tea,1994-01-18,2022-02-10 00:00:00,diamond,2024-12-08 15:07:00,23.0,386.0,61910.0
28,Puck,M,Puck.e@lilymail.com,0913306973,Bubble Tea,2001-11-08,2022-02-13 00:00:00,diamond,2024-12-17 10:54:00,14.0,398.0,69705.0
29,Moe,M,Moe.d@daffodilmail.com,0808331251,Thai Tea,2007-02-19,2022-02-18 00:00:00,diamond,2024-07-04 10:06:00,180.0,366.0,57795.0
30,Aoy,F,Aoy.p@daffodilmail.com,0815146042,Bubble Tea,1962-01-29,2022-02-18 00:00:00,diamond,2024-04-04 19:56:00,271.0,347.0,57600.0
31,Kaew,F,Kaew.j@rosemail.com,0941597929,Thai Tea,1998-12-18,2022-02-19 00:00:00,diamond,2024-06-19 11:32:00,195.0,379.0,61145.0
32,Skye,F,Skye.b@tulipmail.com,0900915247,Bubble Tea,1973-12-04,2022-02-19 00:00:00,diamond,2024-12-20 12:15:00,11.0,453.0,72435.0
33,Korn,M,Korn.v@carnationmail.com,0965096942,Bubble Tea,1971-12-28,2022-02-23 00:00:00,diamond,2024-12-27 13:49:00,4.0,402.0,62855.0
34,Joom,F,Joom.s@daisymail.com,0674595876,Bubble Tea,2004-04-08,2022-02-23 00:00:00,platinum,2024-02-05 15:00:00,330.0,250.0,38260.0
35,Dew,F,Dew.s@daffodilmail.com,0691411576,Bubble Tea,1990-10-05,2022-02-24 00:00:00,diamond,2024-12-12 16:32:00,19.0,433.0,73435.0
36,Pinky,F,Pinky.m@sunflowermail.com,0886927237,Green Tea,1989-06-25,2022-02-25 00:00:00,diamond,2024-12-24 10:04:00,7.0,413.0,70040.0
37,Zell,M,Zell.d@daisymail.com,0826385504,Thai Tea,1976-01-15,2022-03-01 00:00:00,diamond,2024-12-24 07:17:00,7.0,339.0,53460.0
38,Mook,F,Mook.o@daisymail.com,0621763607,Bubble Tea,1975-10-21,2022-03-01 00:00:00,diamond,2024-12-30 12:55:00,1.0,357.0,57880.0
39,Twiggy,F,Twiggy.a@daffodilmail.com,0937780715,Bubble Tea,1995-05-19,2022-03-05 00:00:00,gold,2024-05-30 17:56:00,215.0,223.0,41735.0
40,Barold,M,Barold.r@dahlia.com,0927047200,Bubble Tea,1965-06-04,2022-03-05 00:00:00,diamond,2024-12-25 12:00:00,6.0,327.0,52540.0
41,Pom,F,Pom.o@dahlia.com,0997037240,Yuzu Tea,2002-01-07,2022-03-05 00:00:00,gold,2024-05-30 16:13:00,215.0,244.0,37540.0
42,Palm,M,Palm.b@tulipmail.com,0892625303,Bubble Tea,1966-11-09,2022-03-05 00:00:00,diamond,2024-12-16 17:14:00,15.0,339.0,51775.0
43,Julia,F,Julia.x@dahlia.com,0867702458,Bubble Tea,1999-02-03,2022-03-08 00:00:00,platinum,2024-12-23 16:41:00,8.0,299.0,54005.0
44,Baabara,F,Baabara.l@tulipmail.com,0983242752,Yuzu Tea,1982-06-01,2022-03-09 00:00:00,silver,2023-12-26 19:25:00,371.0,163.0,26705.0
45,Ohm,M,Ohm.g@daisymail.com,0661241431,Bubble Tea,1980-06-11,2022-03-09 00:00:00,gold,2024-05-03 19:32:00,242.0,232.0,34180.0
46,Rain,F,Rain.w@lilymail.com,0637149989,Bubble Tea,1981-04-10,2022-03-09 00:00:00,diamond,2024-12-24 21:18:00,7.0,321.0,50675.0
47,Hopkins,M,Hopkins.w@tulipmail.com,0818935680,Yuzu Tea,2000-04-11,2022-03-11 00:00:00,diamond,2024-12-21 09:53:00,10.0,314.0,49670.0
48,Kidd,M,Kidd.a@irismail.com,0667193805,Yuzu Tea,1961-10-28,2022-03-13 00:00:00,diamond,2024-12-24 16:26:00,7.0,317.0,49995.0
49,Toon,F,Toon.t@lilymail.com,0617474646,Bubble Tea,1965-11-09,2022-03-15 00:00:00,diamond,2024-12-20 09:48:00,11.0,342.0,60000.0
50,Mitzi,F,Mitzi.g@irismail.com,0850574887,Bubble Tea,2000-08-11,2022-03-16 00:00:00,platinum,2024-12-22 18:36:00,9.0,299.0,49565.0
51,Rowan,M,Rowan.k@lotusmail.com,0951495213,Bubble Tea,1976-04-02,2022-03-16 00:00:00,diamond,2024-12-28 13:32:00,3.0,313.0,54410.0
52,Nibbles,F,Nibbles.w@irismail.com,0922506610,Bubble Tea,1966-12-07,2022-03-21 00:00:00,platinum,2024-10-02 14:22:00,90.0,291.0,46155.0
53,Pinky,F,Pinky.h@daisymail.com,0645581819,Bubble Tea,2000-05-16,2022-03-21 00:00:00,gold,2024-07-02 20:44:00,182.0,235.0,39145.0
54,Tuk,M,Tuk.h@lotusmail.com,0628671734,Bubble Tea,1990-05-01,2022-03-23 00:00:00,diamond,2024-12-23 12:08:00,8.0,346.0,51185.0
55,Got,M,Got.m@dahlia.com,0854137453,Bubble Tea,1968-12-09,2022-03-24 00:00:00,diamond,2024-12-17 15:24:00,14.0,321.0,54315.0
56,Waan,F,Waan.d@carnationmail.com,0670854446,Yuzu Tea,1990-06-20,2022-03-28 00:00:00,gold,2024-06-25 12:53:00,189.0,233.0,38830.0
57,Chrissy,F,Chrissy.w@lotusmail.com,0997383180,Bubble Tea,1963-06-26,2022-03-29 00:00:00,platinum,2024-12-19 10:17:00,12.0,295.0,47015.0
58,Keaton,M,Keaton.l@tulipmail.com,0835102840,Yuzu Tea,1977-08-14,2022-03-30 00:00:00,gold,2024-05-05 19:16:00,240.0,212.0,33115.0
59,Pee,M,Pee.f@daisymail.com,0655276522,Bubble Tea,1996-05-18,2022-03-30 00:00:00,diamond,2024-12-30 16:58:00,1.0,328.0,55065.0
60,Tuk,F,Tuk.k@daffodilmail.com,0936494456,Bubble Tea,1969-12-30,2022-04-01 00:00:00,gold,2024-12-14 15:20:00,17.0,244.0,43830.0
61,Mint,F,Mint.j@lotusmail.com,0932219205,Bubble Tea,2006-08-02,2022-04-01 00:00:00,gold,2024-12-24 17:37:00,7.0,239.0,41760.0
62,Kevin,M,Kevin.d@lotusmail.com,0863602474,Bubble Tea,1967-11-12,2022-04-03 00:00:00,gold,2024-07-01 12:59:00,183.0,202.0,35560.0
63,Ketchup,F,Ketchup.d@daisymail.com,0871764977,Bubble Tea,1971-11-08,2022-04-04 00:00:00,platinum,2024-12-20 16:26:00,11.0,264.0,43785.0
64,Kwan,F,Kwan.d@daffodilmail.com,0601283362,Yuzu Tea,2005-07-14,2022-04-06 00:00:00,gold,2024-12-31 10:09:00,0.0,243.0,43650.0
65,Rizzo,M,Rizzo.d@lotusmail.com,0974641820,Bubble Tea,1964-01-14,2022-04-08 00:00:00,gold,2024-12-24 11:43:00,7.0,245.0,43260.0
66,Pang,F,Pang.p@carnationmail.com,0946553185,Yuzu Tea,1986-03-16,2022-04-09 00:00:00,gold,2024-12-24 15:28:00,7.0,226.0,38575.0
67,Lionel,M,Lionel.t@daffodilmail.com,0928393055,Bubble Tea,1980-04-21,2022-04-11 00:00:00,gold,2024-12-27 16:36:00,4.0,248.0,38775.0
68,FahSai,F,FahSai.h@daffodilmail.com,0927065710,Thai Tea,1996-07-10,2022-04-12 00:00:00,gold,2024-12-27 13:10:00,4.0,246.0,41560.0
69,Bibi,F,Bibi.e@carnationmail.com,0694198424,Bubble Tea,1991-10-12,2022-04-14 00:00:00,gold,2024-12-20 14:34:00,11.0,239.0,41320.0
70,Rasher,M,Rasher.r@irismail.com,0607186045,Bubble Tea,1988-03-30,2022-04-14 00:00:00,gold,2024-12-27 09:23:00,4.0,235.0,38300.0
71,Mai,F,Mai.x@daffodilmail.com,0636351437,Bubble Tea,2003-03-03,2022-04-15 00:00:00,gold,2024-12-31 09:13:00,0.0,213.0,35585.0
72,Win,F,Win.c@daffodilmail.com,0800051118,Bubble Tea,1998-05-28,2022-04-15 00:00:00,gold,2024-12-27 14:08:00,4.0,241.0,41655.0
73,Nan,F,Nan.i@lotusmail.com,0631676867,Yuzu Tea,1984-12-25,2022-04-15 00:00:00,gold,2024-09-30 10:32:00,92.0,209.0,35020.0
74,Anya,F,Anya.s@daisymail.com,0644147664,Thai Tea,1994-01-25,2022-04-17 00:00:00,gold,2024-12-24 11:48:00,7.0,207.0,33505.0
75,Hornsby,M,Hornsby.z@rosemail.com,0905296284,Bubble Tea,1962-01-02,2022-04-20 00:00:00,platinum,2024-12-20 15:23:00,11.0,256.0,41545.0
76,Barold,M,Barold.l@irismail.com,0699037000,Bubble Tea,1990-01-07,2022-04-21 00:00:00,gold,2024-08-02 14:20:00,151.0,191.0,28820.0
77,Pashmina,F,Pashmina.q@lilymail.com,0911841991,Bubble Tea,1968-03-05,2022-04-23 00:00:00,platinum,2024-12-29 14:28:00,2.0,254.0,35630.0
78,Moon,F,Moon.k@irismail.com,0963026459,Yuzu Tea,1999-09-03,2022-04-28 00:00:00,gold,2024-12-26 15:22:00,5.0,243.0,40395.0
79,Rodney,M,Rodney.z@sunflowermail.com,0621129154,Bubble Tea,1994-05-22,2022-04-28 00:00:00,gold,2024-12-17 15:42:00,14.0,207.0,31200.0
80,Knox,M,Knox.u@daisymail.com,0808650471,Bubble Tea,1998-03-05,2022-04-28 00:00:00,platinum,2024-12-17 17:20:00,14.0,260.0,45360.0
81,Kaeo,F,Kaeo.o@daisymail.com,0807155591,Bubble Tea,1968-03-21,2022-04-30 00:00:00,gold,2024-07-04 16:11:00,180.0,182.0,29280.0
82,Rolf,M,Rolf.z@daffodilmail.com,0859696938,Green Tea,2000-04-25,2022-05-02 00:00:00,gold,2024-12-29 15:00:00,2.0,189.0,32700.0
83,Pimdao,F,Pimdao.m@tulipmail.com,0868544557,Yuzu Tea,1992-10-16,2022-05-03 00:00:00,silver,2024-12-21 07:40:00,10.0,179.0,31610.0
84,Drago,M,Drago.q@daisymail.com,0903343600,Jasmine Tea,1961-12-30,2022-05-05 00:00:00,silver,2024-12-14 10:03:00,17.0,159.0,25220.0
85,Victoria,F,Victoria.m@daisymail.com,0941490310,Thai Tea,2003-06-09,2022-05-07 00:00:00,silver,2024-05-29 09:45:00,216.0,104.0,18600.0
86,Saiparn,F,Saiparn.o@daffodilmail.com,0927511133,Bubble Tea,2004-10-15,2022-05-08 00:00:00,gold,2024-12-30 18:17:00,1.0,183.0,27780.0
87,Janie,F,Janie.z@tulipmail.com,0810916268,Yuzu Tea,1994-07-09,2022-05-10 00:00:00,gold,2024-12-28 11:43:00,3.0,200.0,29120.0
88,Simon,M,Simon.q@daisymail.com,0617086782,Iced Americano,1998-09-03,2022-05-11 00:00:00,silver,2024-07-02 21:27:00,182.0,104.0,16075.0
89,Duen,F,Duen.z@dahlia.com,0995181840,Bubble Tea,1998-02-27,2022-05-11 00:00:00,silver,2024-07-02 15:57:00,182.0,126.0,22640.0
90,Max,M,Max.o@irismail.com,0902284700,Bubble Tea,2000-11-28,2022-05-12 00:00:00,silver,2024-12-20 12:19:00,11.0,176.0,31605.0
91,First,M,First.m@irismail.com,0972553954,Iced Latte,1963-01-13,2022-05-13 00:00:00,silver,2024-07-02 09:54:00,182.0,123.0,22165.0
92,Doc,M,Doc.k@irismail.com,0693447352,Green Tea,1985-02-28,2022-05-14 00:00:00,gold,2024-12-27 15:45:00,4.0,200.0,30180.0
93,Hippeux,M,Hippeux.t@lotusmail.com,0624663883,Bubble Tea,1995-06-16,2022-05-15 00:00:00,gold,2024-12-24 14:29:00,7.0,205.0,33865.0
94,Pop,F,Pop.c@tulipmail.com,0646828892,Bubble Tea,1962-03-25,2022-05-18 00:00:00,silver,2024-07-01 17:12:00,183.0,131.0,21745.0
95,Rex,M,Rex.x@tulipmail.com,0814201141,Thai Tea,1998-02-21,2022-05-19 00:00:00,silver,2024-07-01 18:21:00,183.0,105.0,15610.0
96,Boom,F,Boom.p@carnationmail.com,0831712435,Bubble Tea,1993-04-17,2022-05-19 00:00:00,gold,2024-12-23 18:45:00,8.0,222.0,35225.0
97,Frobert,M,Frobert.j@sunflowermail.com,0927421622,Bubble Tea,1971-07-20,2022-05-20 00:00:00,gold,2024-12-29 15:05:00,2.0,207.0,35670.0
98,Ellie,F,Ellie.n@carnationmail.com,0888583747,Bubble Tea,2006-01-05,2022-05-21 00:00:00,silver,2024-12-26 15:14:00,5.0,169.0,29630.0
99,Ribbot,M,Ribbot.k@carnationmail.com,0661260642,Bubble Tea,2000-04-27,2022-05-22 00:00:00,silver,2024-07-02 17:10:00,182.0,133.0,21980.0
100,Klaus,M,Klaus.w@lotusmail.com,0970329240,Bubble Tea,1996-03-28,2022-05-25 00:00:00,gold,2024-11-29 16:13:00,32.0,183.0,29215.0
101,Win,M,Win.i@carnationmail.com,0643256589,Yuzu Tea,1964-07-12,2022-05-26 00:00:00,gold,2024-12-20 17:10:00,11.0,180.0,28990.0
102,Audie,F,Audie.w@tulipmail.com,0645631757,Thai Tea,2000-08-23,2022-05-30 00:00:00,gold,2024-12-10 10:35:00,21.0,190.0,34010.0
103,Cake,F,Cake.y@irismail.com,0803300187,Thai Tea,1987-12-07,2022-05-31 00:00:00,gold,2024-12-28 10:41:00,3.0,184.0,30115.0
104,Aurora,F,Aurora.o@daisymail.com,0926641387,Bubble Tea,2006-02-20,2022-05-31 00:00:00,gold,2024-12-27 12:47:00,4.0,201.0,30380.0
105,Merry,F,Merry.t@lotusmail.com,0669934180,Yuzu Tea,1982-09-22,2022-05-31 00:00:00,gold,2024-12-24 09:43:00,7.0,195.0,31670.0
106,Sai,F,Sai.w@daffodilmail.com,0958325045,Yuzu Tea,1973-08-09,2022-05-31 00:00:00,gold,2024-12-29 06:49:00,2.0,204.0,35185.0
107,Pang,F,Pang.j@lotusmail.com,0631147672,Bubble Tea,1992-03-23,2022-06-05 00:00:00,silver,2024-12-20 13:23:00,11.0,136.0,22155.0
108,Ging,F,Ging.p@carnationmail.com,0619897609,Yuzu Tea,1975-01-14,2022-06-05 00:00:00,gold,2024-12-24 13:21:00,7.0,180.0,31540.0
109,Joey,M,Joey.v@daisymail.com,0913482468,Iced Latte,1982-09-19,2022-06-06 00:00:00,silver,2024-12-17 15:48:00,14.0,172.0,28095.0
110,Som,F,Som.h@lilymail.com,0680656193,Bubble Tea,1992-02-07,2022-06-08 00:00:00,silver,2024-12-23 10:31:00,8.0,157.0,25375.0
111,Jambette,F,Jambette.k@daffodilmail.com,0847279005,Yuzu Tea,1974-09-21,2022-06-11 00:00:00,silver,2024-12-26 12:01:00,5.0,174.0,28265.0
112,Boots,M,Boots.y@daffodilmail.com,0832856775,Bubble Tea,1999-04-21,2022-06-13 00:00:00,silver,2024-12-31 10:11:00,0.0,165.0,25980.0
113,Mook,F,Mook.j@dahlia.com,0894332351,Bubble Tea,1970-06-30,2022-06-16 00:00:00,silver,2024-12-28 16:27:00,3.0,168.0,26955.0
114,Rory,M,Rory.x@tulipmail.com,0689192754,Thai Tea,1974-07-07,2022-06-16 00:00:00,silver,2024-12-20 11:37:00,11.0,157.0,27305.0
115,Rooney,M,Rooney.u@tulipmail.com,0886275039,Bubble Tea,1988-06-28,2022-06-18 00:00:00,silver,2024-12-13 16:51:00,18.0,165.0,24895.0
116,Rudy,M,Rudy.x@daisymail.com,0667175564,Bubble Tea,2004-01-31,2022-06-19 00:00:00,silver,2024-12-06 10:05:00,25.0,122.0,18465.0
117,Fern,F,Fern.l@dahlia.com,0656200247,Bubble Tea,1984-06-06,2022-06-21 00:00:00,silver,2024-12-31 14:05:00,0.0,150.0,27175.0
118,Max,M,Max.z@irismail.com,0811753927,Bubble Tea,1965-08-12,2022-06-23 00:00:00,silver,2024-12-23 08:12:00,8.0,176.0,29625.0
119,Rocco,M,Rocco.t@daffodilmail.com,0691147876,Thai Tea,1963-05-03,2022-06-23 00:00:00,silver,2024-07-21 10:07:00,163.0,95.0,14940.0
120,Tybalt,M,Tybalt.v@daffodilmail.com,0992985109,Bubble Tea,1993-10-02,2022-06-26 00:00:00,silver,2024-12-27 08:55:00,4.0,153.0,24750.0
121,Ice,F,Ice.n@tulipmail.com,0925494148,Thai Tea,1984-05-07,2022-06-26 00:00:00,silver,2024-07-03 14:14:00,181.0,103.0,16730.0
122,Kitty,F,Kitty.x@carnationmail.com,0612866865,Bubble Tea,2004-07-31,2022-06-27 00:00:00,silver,2024-12-24 16:04:00,7.0,155.0,23405.0
123,Piper,F,Piper.i@rosemail.com,0664699873,Green Tea,1964-02-16,2022-06-27 00:00:00,silver,2024-12-26 12:03:00,5.0,157.0,24500.0
124,Cleo,F,Cleo.w@dahlia.com,0911881796,Green Tea,1983-10-03,2022-06-28 00:00:00,silver,2024-08-02 09:16:00,151.0,101.0,17120.0
125,Ping,M,Ping.m@daisymail.com,0652716253,Thai Tea,1975-07-05,2022-06-29 00:00:00,silver,2023-12-28 11:29:00,369.0,69.0,14500.0
126,Katt,F,Katt.w@daffodilmail.com,0809094883,Bubble Tea,1967-01-26,2022-07-05 00:00:00,silver,2023-12-28 16:56:00,369.0,56.0,8370.0
127,Tung,M,Tung.v@tulipmail.com,0958271134,Bubble Tea,2004-05-07,2022-07-06 00:00:00,silver,2024-12-20 14:23:00,11.0,127.0,20400.0
128,Rory,M,Rory.l@lilymail.com,0964528987,Bubble Tea,2003-11-06,2022-07-06 00:00:00,silver,2024-07-04 09:12:00,180.0,90.0,13770.0
129,Ball,M,Ball.r@tulipmail.com,0946821257,Bubble Tea,1978-04-18,2022-07-07 00:00:00,silver,2024-11-01 17:26:00,60.0,120.0,19630.0
130,Frank,M,Frank.t@lotusmail.com,0662546528,Yuzu Tea,2003-04-02,2022-07-10 00:00:00,silver,2024-12-24 10:58:00,7.0,153.0,24840.0
131,Tip,F,Tip.c@carnationmail.com,0647940260,Bubble Tea,2006-12-06,2022-07-10 00:00:00,silver,2024-12-17 13:13:00,14.0,140.0,24625.0
132,Champ,M,Champ.j@dahlia.com,0886466075,Bubble Tea,1997-04-21,2022-07-13 00:00:00,silver,2024-07-04 12:47:00,180.0,72.0,12430.0
133,Nok,F,Nok.w@dahlia.com,0667135877,Bubble Tea,1978-03-07,2022-07-13 00:00:00,silver,2024-12-26 16:45:00,5.0,158.0,24680.0
134,Rolf,M,Rolf.s@tulipmail.com,0601669069,Bubble Tea,1963-10-08,2022-07-16 00:00:00,silver,2024-12-24 16:18:00,7.0,154.0,23865.0
135,Jeep,M,Jeep.x@sunflowermail.com,0671075197,Bubble Tea,1960-12-16,2022-07-19 00:00:00,silver,2023-12-31 13:12:00,366.0,65.0,11970.0
136,Tay,M,Tay.j@sunflowermail.com,0618478591,Yuzu Tea,1991-05-13,2022-07-20 00:00:00,silver,2024-11-01 18:16:00,60.0,125.0,20985.0
137,Cube,M,Cube.v@dahlia.com,0966978230,Yuzu Tea,1998-12-03,2022-07-21 00:00:00,silver,2024-09-02 17:34:00,120.0,108.0,18555.0
138,Napa,F,Napa.n@daffodilmail.com,0959609684,Green Tea,1966-10-19,2022-07-21 00:00:00,silver,2024-12-24 15:48:00,7.0,135.0,22260.0
139,Rosie,F,Rosie.c@daisymail.com,0989749258,Green Tea,1987-05-28,2022-07-22 00:00:00,silver,2024-07-02 19:15:00,182.0,68.0,10155.0
140,Sylvia,F,Sylvia.q@carnationmail.com,0677508881,Bubble Tea,2005-09-29,2022-07-22 00:00:00,silver,2024-12-20 16:11:00,11.0,140.0,23440.0
141,Moss,M,Moss.y@daffodilmail.com,0984103321,Bubble Tea,1976-03-25,2022-07-24 00:00:00,silver,2024-07-30 09:02:00,154.0,72.0,11295.0
142,Goldie,F,Goldie.s@daisymail.com,0820251431,Bubble Tea,1986-12-21,2022-07-25 00:00:00,silver,2024-12-23 16:25:00,8.0,145.0,24970.0
143,Bill,M,Bill.m@daffodilmail.com,0979604993,Thai Tea,1979-09-15,2022-07-27 00:00:00,silver,2024-12-24 13:43:00,7.0,143.0,24675.0
144,Pat,M,Pat.k@rosemail.com,0949046907,Bubble Tea,1973-07-30,2022-07-27 00:00:00,silver,2023-12-25 15:15:00,372.0,76.0,11985.0
145,Gala,F,Gala.y@carnationmail.com,0877596413,Green Tea,1961-02-18,2022-07-29 00:00:00,silver,2024-12-28 13:07:00,3.0,144.0,23975.0
146,Dizzy,M,Dizzy.j@rosemail.com,0978852773,Yuzu Tea,1992-07-09,2022-08-03 00:00:00,silver,2024-12-24 16:56:00,7.0,113.0,19675.0
147,Flo,F,Flo.z@rosemail.com,0657135055,Yuzu Tea,1969-11-16,2022-08-05 00:00:00,silver,2024-12-29 13:36:00,2.0,121.0,23265.0
148,June,F,June.u@carnationmail.com,0617330234,Bubble Tea,1969-12-03,2022-08-06 00:00:00,silver,2024-12-24 17:34:00,7.0,125.0,19155.0
149,Erik,M,Erik.p@daisymail.com,0869370982,Thai Tea,1992-09-01,2022-08-10 00:00:00,silver,2023-12-28 08:16:00,369.0,57.0,8510.0
150,Croque,M,Croque.m@carnationmail.com,0995618284,Green Tea,1981-03-20,2022-08-12 00:00:00,silver,2024-12-29 13:13:00,2.0,129.0,20020.0
151,Walt,M,Walt.k@tulipmail.com,0858414981,Yuzu Tea,1985-11-20,2022-08-12 00:00:00,silver,2024-12-25 15:08:00,6.0,123.0,19580.0
152,Anabelle,F,Anabelle.d@dahlia.com,0868002868,Bubble Tea,1962-11-16,2022-08-13 00:00:00,silver,2023-12-21 10:45:00,376.0,48.0,9345.0
153,Tarn,F,Tarn.j@dahlia.com,0877699924,Yuzu Tea,1967-11-21,2022-08-14 00:00:00,silver,2023-12-27 13:44:00,370.0,69.0,10010.0
154,Chompoo,F,Chompoo.c@carnationmail.com,0977118835,Bubble Tea,1964-02-29,2022-08-17 00:00:00,silver,2023-12-27 13:40:00,370.0,69.0,14235.0
155,Joy,F,Joy.p@rosemail.com,0842676826,Bubble Tea,1981-12-01,2022-08-18 00:00:00,silver,2024-09-02 14:04:00,120.0,70.0,13675.0
156,Hopper,M,Hopper.h@dahlia.com,0881219558,Bubble Tea,1976-05-27,2022-08-18 00:00:00,silver,2024-12-17 18:59:00,14.0,113.0,19365.0
157,Krit,M,Krit.a@rosemail.com,0872306314,Bubble Tea,1975-06-19,2022-08-18 00:00:00,silver,2023-12-29 15:05:00,368.0,58.0,11340.0
158,Nana,F,Nana.j@daisymail.com,0890970766,Thai Tea,1978-01-06,2022-08-21 00:00:00,silver,2024-12-23 15:16:00,8.0,98.0,15895.0
159,Boyd,M,Boyd.b@sunflowermail.com,0940949714,Green Tea,1986-08-01,2022-08-23 00:00:00,silver,2024-12-25 15:42:00,6.0,115.0,21260.0
160,Am,F,Am.c@dahlia.com,0881386790,Bubble Tea,2006-07-28,2022-08-29 00:00:00,silver,2024-12-25 10:59:00,6.0,115.0,21250.0
161,Boris,M,Boris.i@rosemail.com,0948351405,Yuzu Tea,2004-10-09,2022-08-31 00:00:00,silver,2024-12-21 15:53:00,10.0,110.0,20380.0
162,Elvis,M,Elvis.s@lilymail.com,0813613380,Bubble Tea,1972-02-21,2022-09-01 00:00:00,silver,2024-12-30 12:04:00,1.0,94.0,13305.0
163,Pom,F,Pom.w@rosemail.com,0923370949,Bubble Tea,1994-01-19,2022-09-02 00:00:00,silver,2024-12-24 15:23:00,7.0,87.0,13730.0
164,Admiral,M,Admiral.m@lotusmail.com,0698711237,Bubble Tea,2001-01-12,2022-09-02 00:00:00,silver,2024-12-19 15:44:00,12.0,100.0,15710.0
165,Ben,M,Ben.r@dahlia.com,0816435527,Yuzu Tea,1978-12-12,2022-09-05 00:00:00,silver,2024-12-17 10:20:00,14.0,78.0,14000.0
166,Song,F,Song.q@tulipmail.com,0667047580,Mocha,2005-04-12,2022-09-05 00:00:00,silver,2024-12-24 15:05:00,7.0,93.0,17980.0
167,Duen,F,Duen.v@lilymail.com,0923156168,Thai Tea,1985-10-17,2022-09-09 00:00:00,silver,2023-12-28 12:42:00,369.0,47.0,7275.0
168,Drake,M,Drake.r@dahlia.com,0676077305,Nitro Flat White,1981-11-24,2022-09-10 00:00:00,silver,2023-12-29 12:08:00,368.0,44.0,8545.0
169,Boyd,M,Boyd.o@tulipmail.com,0652435604,Yuzu Tea,1970-05-07,2022-09-12 00:00:00,silver,2024-12-23 17:11:00,8.0,92.0,14760.0
170,Butch,M,Butch.k@lotusmail.com,0960652715,Bubble Tea,1983-10-05,2022-09-13 00:00:00,silver,2024-12-27 17:08:00,4.0,102.0,18035.0
171,Soleil,F,Soleil.u@daffodilmail.com,0898525778,Iced Latte,1981-08-16,2022-09-14 00:00:00,silver,2024-12-28 16:44:00,3.0,79.0,14215.0
172,Renรฉe,F,Renรฉe.w@tulipmail.com,0610994142,Bubble Tea,2004-03-11,2022-09-19 00:00:00,silver,2024-12-28 14:42:00,3.0,93.0,16980.0
173,Dobie,M,Dobie.x@lotusmail.com,0944028465,Bubble Tea,1988-11-28,2022-09-20 00:00:00,silver,2024-10-01 11:59:00,91.0,45.0,7135.0
174,Admiral,M,Admiral.m@carnationmail.com,0994818301,Nitro Flat White,1963-07-19,2022-09-22 00:00:00,silver,2023-12-24 18:00:00,373.0,38.0,7735.0
175,Audie,F,Audie.w@daffodilmail.com,0696197287,Green Tea,1984-10-31,2022-09-24 00:00:00,silver,2024-12-24 13:10:00,7.0,77.0,13195.0
176,Lucy,F,Lucy.t@rosemail.com,0608999761,Thai Tea,1994-05-12,2022-09-25 00:00:00,silver,2023-12-28 15:59:00,369.0,39.0,6680.0
177,Willow,F,Willow.s@dahlia.com,0846619993,Thai Tea,1972-08-16,2022-09-27 00:00:00,silver,2024-12-24 18:22:00,7.0,92.0,16460.0
178,Tarn,F,Tarn.s@lilymail.com,0860834449,Jasmine Tea,2002-12-30,2022-09-28 00:00:00,silver,2024-12-13 11:36:00,18.0,82.0,14715.0
179,Jan,F,Jan.u@lotusmail.com,0867910866,Bubble Tea,1990-07-14,2022-09-28 00:00:00,silver,2024-12-29 14:30:00,2.0,88.0,16335.0
180,Bella,F,Bella.o@daffodilmail.com,0875703428,Bubble Tea,1960-08-16,2022-09-29 00:00:00,silver,2023-12-27 18:38:00,370.0,39.0,6085.0
181,Peewee,M,Peewee.j@carnationmail.com,0681118457,Bubble Tea,2003-05-21,2022-09-29 00:00:00,silver,2024-12-31 10:40:00,0.0,97.0,16630.0
182,Dreamy,F,Dreamy.a@dahlia.com,0995431553,Iced Latte,1978-07-04,2022-10-01 00:00:00,silver,2024-12-31 18:58:00,0.0,66.0,10165.0
183,Ava,F,Ava.f@carnationmail.com,0966916685,Yuzu Tea,2004-12-17,2022-10-02 00:00:00,silver,2024-12-22 21:14:00,9.0,60.0,11400.0
184,Pecan,F,Pecan.n@lotusmail.com,0979483387,Bubble Tea,1999-02-02,2022-10-03 00:00:00,silver,2024-12-23 19:29:00,8.0,71.0,12475.0
185,Mew,F,Mew.o@dahlia.com,0973658960,Yuzu Tea,1971-07-07,2022-10-04 00:00:00,silver,2024-12-28 16:55:00,3.0,61.0,9195.0
186,Aey,F,Aey.z@dahlia.com,0820467351,Yuzu Tea,1969-10-18,2022-10-04 00:00:00,silver,2024-12-24 15:24:00,7.0,70.0,10560.0
187,Peach,M,Peach.y@rosemail.com,0980669612,Yuzu Tea,1984-03-17,2022-10-10 00:00:00,silver,2024-12-20 13:36:00,11.0,54.0,8110.0
188,Bangle,F,Bangle.r@daisymail.com,0844987854,Jasmine Tea,1963-10-03,2022-10-10 00:00:00,silver,2024-12-23 16:58:00,8.0,55.0,7525.0
189,Yum,F,Yum.q@daffodilmail.com,0953750522,Yuzu Tea,1998-08-20,2022-10-10 00:00:00,silver,2024-12-24 08:25:00,7.0,56.0,8330.0
190,Poy,F,Poy.l@carnationmail.com,0684974983,Yuzu Tea,1998-03-12,2022-10-12 00:00:00,silver,2024-11-29 19:33:00,32.0,54.0,10560.0
191,Kea,F,Kea.l@dahlia.com,0917194787,Green Tea,1999-10-20,2022-10-13 00:00:00,silver,2024-12-24 11:59:00,7.0,81.0,11965.0
192,Tipper,F,Tipper.x@lotusmail.com,0867120247,Thai Tea,1982-12-05,2022-10-17 00:00:00,silver,2023-12-26 10:07:00,371.0,40.0,6695.0
193,Cashmere,F,Cashmere.o@rosemail.com,0821875614,Bubble Tea,2006-06-03,2022-10-19 00:00:00,silver,2024-12-19 09:33:00,12.0,57.0,9450.0
194,Gala,F,Gala.k@irismail.com,0618491731,Bubble Tea,1964-07-31,2022-10-22 00:00:00,silver,2024-12-31 11:46:00,0.0,57.0,10350.0
195,Gae,F,Gae.c@irismail.com,0992365109,Yuzu Tea,1999-03-29,2022-10-23 00:00:00,silver,2024-12-24 19:50:00,7.0,60.0,11840.0
196,Lek,F,Lek.c@carnationmail.com,0962563168,Bubble Tea,1962-07-06,2022-10-23 00:00:00,silver,2024-12-24 11:23:00,7.0,55.0,7455.0
197,Lucky,M,Lucky.z@irismail.com,0652563462,Jasmine Tea,1969-02-11,2022-10-25 00:00:00,silver,2024-12-19 15:22:00,12.0,54.0,7510.0
198,Tucker,M,Tucker.f@rosemail.com,0985601984,Thai Tea,1986-09-24,2022-10-27 00:00:00,silver,2024-12-21 12:47:00,10.0,59.0,8820.0
199,Earn,F,Earn.h@daisymail.com,0839701950,Thai Tea,1975-10-08,2022-10-28 00:00:00,silver,2024-12-13 10:21:00,18.0,62.0,10790.0
200,Moo,F,Moo.r@carnationmail.com,0959929468,Bubble Tea,1976-09-22,2022-10-30 00:00:00,silver,2024-10-31 10:00:00,61.0,50.0,9495.0
201,Jin,F,Jin.c@daffodilmail.com,0807937544,Yuzu Tea,1992-01-21,2022-11-02 00:00:00,silver,2024-12-17 18:33:00,14.0,46.0,7585.0
202,Victoria,F,Victoria.j@carnationmail.com,0617393212,Green Tea,1974-08-23,2022-11-03 00:00:00,silver,2024-12-24 08:16:00,7.0,41.0,7400.0
203,Chow,M,Chow.i@irismail.com,0839424251,Yuzu Tea,1966-10-23,2022-11-04 00:00:00,silver,2023-12-28 14:54:00,369.0,21.0,4035.0
204,Honeybee,F,Honeybee.y@dahlia.com,0851300412,Americano,1995-10-29,2022-11-05 00:00:00,silver,2024-12-20 17:45:00,11.0,47.0,8830.0
205,Blanche,F,Blanche.g@irismail.com,0915827075,Thai Tea,2003-08-17,2022-11-07 00:00:00,silver,2024-12-25 15:21:00,6.0,35.0,4935.0
206,Twiggy,F,Twiggy.w@sunflowermail.com,0867356265,Bubble Tea,2003-02-03,2022-11-08 00:00:00,silver,2024-12-24 12:15:00,7.0,35.0,5585.0
207,Carmen,F,Carmen.r@carnationmail.com,0833191844,Bubble Tea,1982-07-19,2022-11-09 00:00:00,silver,2024-12-24 08:06:00,7.0,41.0,6635.0
208,Daojai,F,Daojai.k@irismail.com,0854848208,Yuzu Tea,1995-01-11,2022-11-09 00:00:00,silver,2024-12-31 12:12:00,0.0,35.0,6275.0
209,Oil,F,Oil.j@tulipmail.com,0618891026,Yuzu Tea,1966-02-27,2022-11-09 00:00:00,silver,2024-12-23 12:29:00,8.0,48.0,7700.0
210,Jibby,F,Jibby.q@rosemail.com,0964494270,Bubble Tea,2004-06-02,2022-11-09 00:00:00,silver,2023-12-28 18:39:00,369.0,25.0,3255.0
211,Prim,F,Prim.m@carnationmail.com,0998772011,Thai Tea,2007-12-03,2022-11-10 00:00:00,silver,2023-12-27 15:34:00,370.0,18.0,3015.0
212,Um,F,Um.m@lilymail.com,0963808919,Bubble Tea,1999-05-17,2022-11-13 00:00:00,silver,2024-12-24 12:57:00,7.0,38.0,7000.0
213,Kody,M,Kody.t@sunflowermail.com,0617372058,Bubble Tea,1968-08-16,2022-11-13 00:00:00,silver,2024-12-20 18:24:00,11.0,39.0,5400.0
214,Tom,M,Tom.c@dahlia.com,0949196771,Bubble Tea,1987-05-19,2022-11-17 00:00:00,silver,2023-12-28 15:20:00,369.0,10.0,1445.0
215,Buck,M,Buck.a@daisymail.com,0641693935,Green Tea,2001-06-23,2022-11-17 00:00:00,silver,2024-12-17 21:03:00,14.0,37.0,5800.0
216,Ozzie,M,Ozzie.k@dahlia.com,0909710033,Thai Tea,1980-08-19,2022-11-19 00:00:00,silver,2024-12-24 07:11:00,7.0,42.0,7545.0
217,Deli,M,Deli.u@daffodilmail.com,0973843760,Green Tea,1964-03-27,2022-11-20 00:00:00,silver,2024-12-30 12:48:00,1.0,42.0,6850.0
218,Julian,M,Julian.w@carnationmail.com,0647306215,Yuzu Tea,2002-09-11,2022-11-21 00:00:00,silver,2024-12-23 09:26:00,8.0,49.0,7435.0
219,Norma,F,Norma.g@carnationmail.com,0665222173,Yuzu Tea,1977-06-26,2022-11-23 00:00:00,silver,2024-12-23 08:37:00,8.0,41.0,5935.0
220,Pond,M,Pond.c@dahlia.com,0936635579,Thai Tea,1990-09-22,2022-11-24 00:00:00,silver,2024-12-17 19:11:00,14.0,35.0,4790.0
221,Pancetti,F,Pancetti.b@daisymail.com,0872202577,Iced Latte,1967-04-26,2022-11-25 00:00:00,silver,2024-12-16 11:37:00,15.0,25.0,3810.0
222,Vee,F,Vee.l@daisymail.com,0929884821,Yuzu Tea,1997-12-07,2022-11-25 00:00:00,silver,2024-12-20 12:00:00,11.0,36.0,5580.0
223,Carmen,F,Carmen.b@carnationmail.com,0612290972,Green Tea,1997-01-10,2022-11-27 00:00:00,silver,2024-12-19 11:30:00,12.0,30.0,5450.0
224,Peach,M,Peach.g@daisymail.com,0904262323,Thai Tea,1995-06-04,2022-11-27 00:00:00,silver,2023-12-24 12:47:00,373.0,17.0,1495.0
225,Lily,F,Lily.o@tulipmail.com,0630293421,Americano,1988-12-07,2022-12-03 00:00:00,silver,2024-12-28 07:08:00,3.0,19.0,4325.0
226,Prim,F,Prim.j@irismail.com,0621276249,Bubble Tea,1967-02-19,2022-12-04 00:00:00,silver,2024-12-22 12:53:00,9.0,16.0,2505.0
227,Elmer,M,Elmer.q@rosemail.com,0934677439,Bubble Tea,2000-03-27,2022-12-08 00:00:00,silver,2024-12-30 10:21:00,1.0,18.0,2325.0
228,T-Bone,M,T-Bone.x@rosemail.com,0646875696,Yuzu Tea,2003-04-20,2022-12-15 00:00:00,silver,2024-12-28 13:11:00,3.0,19.0,3590.0
229,Snooty,F,Snooty.h@carnationmail.com,0661864288,Bubble Tea,1964-04-17,2022-12-16 00:00:00,silver,2024-12-23 14:34:00,8.0,16.0,2530.0
230,Anchovy,M,Anchovy.l@rosemail.com,0973687498,Bubble Tea,1976-06-29,2022-12-16 00:00:00,silver,2024-12-28 13:51:00,3.0,20.0,3900.0
231,Eunice,F,Eunice.h@rosemail.com,0630586976,Bubble Tea,1978-04-17,2022-12-19 00:00:00,silver,2024-12-23 11:32:00,8.0,22.0,3410.0
232,Flurry,F,Flurry.t@carnationmail.com,0885320189,Green Tea,1995-02-19,2022-12-20 00:00:00,silver,2024-12-24 16:23:00,7.0,19.0,3425.0
233,Klaus,M,Klaus.q@lilymail.com,0850378790,Iced Latte,1985-03-11,2022-12-21 00:00:00,silver,2024-12-27 21:43:00,4.0,16.0,2685.0
234,Ta,F,Ta.q@daisymail.com,0891339403,Yuzu Tea,1965-09-18,2022-12-22 00:00:00,silver,2024-12-31 12:56:00,0.0,22.0,3890.0
235,Bangle,F,Bangle.b@rosemail.com,0611561043,Yuzu Tea,1977-05-16,2022-12-23 00:00:00,silver,2024-12-13 15:50:00,18.0,12.0,2500.0
236,Wade,M,Wade.y@carnationmail.com,0876110111,Yuzu Tea,1982-05-17,2022-12-26 00:00:00,silver,2024-12-22 15:21:00,9.0,15.0,2910.0
237,Moji,F,Moji.q@rosemail.com,0840963909,Green Tea,1999-02-07,2022-12-26 00:00:00,silver,2024-12-24 16:26:00,7.0,16.0,2960.0
238,Ka,F,Ka.l@carnationmail.com,0676047739,Yuzu Tea,2005-01-31,2022-12-27 00:00:00,silver,2024-12-20 19:06:00,11.0,18.0,3460.0
239,Megan,F,Megan.i@rosemail.com,0867306481,Green Tea,1997-01-13,2022-12-28 00:00:00,silver,2024-12-26 13:02:00,5.0,12.0,2160.0
240,Puddles,F,Puddles.k@lilymail.com,0629451696,Yuzu Tea,1969-03-14,2022-12-30 00:00:00,silver,2024-12-23 08:24:00,8.0,15.0,2720.0
241,Bank,M,Bank.m@lilymail.com,0952147001,Bubble Tea,1981-01-17,2022-12-30 00:00:00,silver,2024-12-22 12:21:00,9.0,26.0,3790.0
242,Baifern,F,Baifern.l@lilymail.com,0832029426,Bubble Tea,1973-07-30,2023-01-01 12:24:00,diamond,2024-12-24 15:42:00,7.0,634.0,107605.0
243,Al,M,Al.l@sunflowermail.com,0982128750,Bubble Tea,1996-02-14,2023-01-01 16:58:00,diamond,2024-03-05 16:44:00,301.0,508.0,85225.0
244,Iya,F,Iya.d@daffodilmail.com,0603797468,Bubble Tea,2002-01-25,2023-01-01 13:20:00,diamond,2024-06-29 19:12:00,185.0,623.0,102300.0
245,Nibbles,F,Nibbles.h@rosemail.com,0616642894,Bubble Tea,1981-08-12,2023-01-01 11:13:00,diamond,2024-12-20 07:03:00,11.0,654.0,102330.0
246,Tia,F,Tia.h@daisymail.com,0929041324,Bubble Tea,1997-12-14,2023-01-01 12:49:00,diamond,2024-02-05 12:56:00,330.0,496.0,84490.0
247,Maelle,F,Maelle.l@lilymail.com,0645567183,Bubble Tea,1981-04-28,2023-01-01 08:59:00,diamond,2024-06-28 12:09:00,186.0,602.0,98480.0
248,Candi,F,Candi.y@lotusmail.com,0626948916,Bubble Tea,1987-03-10,2023-01-01 11:48:00,diamond,2024-06-16 16:29:00,198.0,592.0,99635.0
249,Ball,M,Ball.x@lilymail.com,0813910863,Bubble Tea,2003-05-26,2023-01-02 08:10:00,diamond,2024-12-23 07:50:00,8.0,614.0,111725.0
250,Hugh,M,Hugh.j@daffodilmail.com,0854102600,Yuzu Tea,1966-07-07,2023-01-01 08:31:00,diamond,2024-12-24 12:58:00,7.0,654.0,106525.0
251,Lek,M,Lek.x@lotusmail.com,0858256834,Bubble Tea,1981-01-29,2023-01-01 11:54:00,diamond,2024-12-09 21:10:00,22.0,657.0,105605.0
252,Tay,M,Tay.t@lotusmail.com,0657008580,Bubble Tea,1972-12-07,2023-01-01 07:46:00,diamond,2024-12-24 11:24:00,7.0,637.0,102655.0
253,Art,M,Art.f@lilymail.com,0923004271,Bubble Tea,1991-03-04,2023-01-01 13:43:00,diamond,2024-07-02 07:01:00,182.0,588.0,99490.0
254,Bianca,F,Bianca.j@daisymail.com,0999392261,Bubble Tea,1986-07-05,2023-01-02 08:43:00,diamond,2024-03-02 07:35:00,304.0,483.0,78825.0
255,Rhonda,F,Rhonda.f@tulipmail.com,0916957377,Bubble Tea,1991-09-07,2023-01-01 07:35:00,diamond,2024-12-23 16:38:00,8.0,666.0,108970.0
256,Puddles,F,Puddles.r@daisymail.com,0945109279,Bubble Tea,1987-09-16,2023-01-01 14:43:00,diamond,2024-07-03 18:58:00,181.0,598.0,96330.0
257,Som,F,Som.g@lotusmail.com,0859480539,Bubble Tea,1974-07-12,2023-01-01 07:26:00,diamond,2024-12-17 18:17:00,14.0,641.0,106130.0
258,Yum,F,Yum.m@sunflowermail.com,0973035384,Bubble Tea,1961-03-04,2023-01-01 10:44:00,diamond,2024-12-27 12:16:00,4.0,686.0,113440.0
259,Namwan,F,Namwan.j@sunflowermail.com,0948654016,Bubble Tea,1966-04-06,2023-01-01 08:56:00,diamond,2024-12-20 15:10:00,11.0,650.0,114710.0
260,Cole,M,Cole.t@tulipmail.com,0640589122,Green Tea,2001-03-04,2023-01-01 11:37:00,diamond,2024-12-28 17:28:00,3.0,671.0,113555.0
261,Jin,F,Jin.s@lilymail.com,0969132701,Bubble Tea,2004-03-26,2023-01-02 09:03:00,diamond,2024-12-27 07:12:00,4.0,665.0,114865.0
262,Dao,F,Dao.w@lotusmail.com,0838577009,Yuzu Tea,1991-08-24,2023-01-01 21:22:00,diamond,2024-07-01 16:04:00,183.0,575.0,98820.0
263,Fa,F,Fa.u@irismail.com,0833688318,Bubble Tea,1972-09-28,2023-01-01 16:56:00,diamond,2024-12-21 19:45:00,10.0,666.0,110975.0
264,NamTan,F,NamTan.e@lilymail.com,0975440626,Bubble Tea,1981-07-25,2023-01-01 19:34:00,diamond,2024-12-24 17:27:00,7.0,632.0,110725.0
265,KidCat,M,KidCat.g@sunflowermail.com,0852672895,Bubble Tea,1982-05-26,2023-02-01 00:00:00,diamond,2024-12-31 14:43:00,0.0,422.0,72840.0
266,Boyd,M,Boyd.i@rosemail.com,0685742276,Yuzu Tea,1981-09-10,2023-02-01 07:39:00,diamond,2024-11-25 19:09:00,36.0,456.0,79035.0
267,Bambee,F,Bambee.a@sunflowermail.com,0835779252,Bubble Tea,1974-02-09,2023-02-01 08:10:00,diamond,2024-07-03 15:53:00,181.0,356.0,60715.0
268,Olaf,M,Olaf.c@daffodilmail.com,0625245912,Bubble Tea,1999-12-16,2023-02-01 07:06:00,diamond,2024-12-23 12:50:00,8.0,423.0,63280.0
269,Candi,F,Candi.s@carnationmail.com,0934325323,Yuzu Tea,1986-12-09,2023-02-01 07:22:00,diamond,2024-12-24 12:48:00,7.0,435.0,70505.0
270,Kai,M,Kai.o@carnationmail.com,0865577162,Yuzu Tea,1978-08-09,2023-02-01 10:25:00,diamond,2024-12-26 09:13:00,5.0,401.0,61660.0
271,Canberra,F,Canberra.l@carnationmail.com,0604468424,Bubble Tea,1972-04-03,2023-02-01 07:34:00,diamond,2024-12-20 16:42:00,11.0,421.0,74715.0
272,Chin,M,Chin.y@irismail.com,0694188963,Thai Tea,1983-06-11,2023-02-01 09:56:00,diamond,2024-06-04 18:01:00,210.0,370.0,62695.0
273,Som,F,Som.d@rosemail.com,0814927609,Thai Tea,1983-06-28,2023-02-01 09:35:00,diamond,2024-07-04 15:31:00,180.0,379.0,64030.0
274,Dizzy,M,Dizzy.g@lotusmail.com,0619499673,Bubble Tea,1976-06-27,2023-02-01 08:34:00,diamond,2024-12-23 17:39:00,8.0,487.0,80735.0
275,Zee,M,Zee.d@daffodilmail.com,0833382570,Thai Tea,1979-09-13,2023-02-01 07:51:00,diamond,2024-12-31 12:32:00,0.0,456.0,77390.0
276,Jin,F,Jin.t@dahlia.com,0885914035,Thai Tea,1972-07-28,2023-02-01 07:11:00,diamond,2024-12-24 18:57:00,7.0,418.0,68605.0
277,Boom,F,Boom.k@lotusmail.com,0865067628,Bubble Tea,1991-02-08,2023-02-01 08:02:00,diamond,2024-12-24 14:08:00,7.0,401.0,66880.0
278,Bow,F,Bow.l@dahlia.com,0885574203,Bubble Tea,1980-07-28,2023-02-01 11:36:00,diamond,2024-08-30 18:39:00,123.0,390.0,68305.0
279,Midge,F,Midge.o@daisymail.com,0988387616,Yuzu Tea,1975-08-08,2023-02-01 06:46:00,diamond,2024-12-13 15:37:00,18.0,441.0,73285.0
280,Fon,F,Fon.o@daffodilmail.com,0651119567,Bubble Tea,1962-07-31,2023-02-01 07:36:00,diamond,2024-12-08 19:49:00,23.0,409.0,68185.0
281,Tom,M,Tom.i@lotusmail.com,0837736658,Bubble Tea,1979-05-29,2023-02-01 08:53:00,diamond,2024-12-31 11:48:00,0.0,413.0,66825.0
282,Bao,F,Bao.f@carnationmail.com,0934749867,Bubble Tea,1998-07-06,2023-02-01 07:06:00,diamond,2024-07-04 11:30:00,180.0,406.0,71850.0
283,Kody,M,Kody.d@irismail.com,0852883585,Thai Tea,1969-01-22,2023-03-01 00:00:00,diamond,2024-12-24 15:00:00,7.0,356.0,55985.0
284,Tybalt,M,Tybalt.f@carnationmail.com,0652797227,Bubble Tea,1968-01-04,2023-03-01 00:00:00,diamond,2024-12-28 16:52:00,3.0,338.0,53380.0
285,Megan,F,Megan.n@carnationmail.com,0947181638,Yuzu Tea,1964-07-18,2023-03-01 08:08:00,diamond,2024-12-27 15:03:00,4.0,336.0,54750.0
286,Sylvana,F,Sylvana.c@tulipmail.com,0855853728,Bubble Tea,1980-12-27,2023-03-01 07:18:00,diamond,2024-12-31 12:16:00,0.0,307.0,49430.0
287,Jaa,F,Jaa.f@daffodilmail.com,0849047248,Yuzu Tea,1996-03-08,2023-03-01 08:01:00,diamond,2024-12-23 15:10:00,8.0,302.0,51910.0
288,Roald,M,Roald.c@irismail.com,0895497385,Yuzu Tea,2005-07-22,2023-03-01 10:10:00,diamond,2024-12-23 07:24:00,8.0,322.0,53145.0
289,Poppy,F,Poppy.t@irismail.com,0831536314,Yuzu Tea,2004-10-12,2023-03-01 07:41:00,diamond,2024-12-14 11:17:00,17.0,325.0,53565.0
290,Sai,F,Sai.o@lilymail.com,0642327038,Bubble Tea,1973-09-23,2023-03-01 07:36:00,platinum,2024-06-30 11:24:00,184.0,277.0,41630.0
291,Kung,F,Kung.k@sunflowermail.com,0665240789,Bubble Tea,1978-09-30,2023-03-01 08:40:00,diamond,2024-12-23 09:06:00,8.0,323.0,52900.0
292,Noon,F,Noon.e@carnationmail.com,0623060926,Bubble Tea,1996-04-22,2023-03-01 06:15:00,diamond,2024-12-23 15:17:00,8.0,332.0,56670.0
293,Peck,M,Peck.n@sunflowermail.com,0906179748,Bubble Tea,1984-11-17,2023-03-01 07:32:00,diamond,2024-12-24 18:01:00,7.0,338.0,58965.0
294,Aey,F,Aey.n@tulipmail.com,0976071459,Bubble Tea,2001-10-22,2023-03-01 08:26:00,platinum,2024-07-04 15:36:00,180.0,255.0,43475.0
295,Poppy,F,Poppy.e@irismail.com,0880422487,Yuzu Tea,2007-06-04,2023-03-01 08:33:00,gold,2024-03-06 16:35:00,300.0,183.0,28780.0
296,Raymond,M,Raymond.c@daisymail.com,0666898643,Bubble Tea,1986-09-11,2023-03-02 08:02:00,diamond,2024-12-26 13:58:00,5.0,314.0,54165.0
297,Beardo,M,Beardo.c@daffodilmail.com,0670471213,Bubble Tea,2002-07-04,2023-03-01 06:29:00,platinum,2024-12-24 10:27:00,7.0,292.0,50260.0
298,Aurora,F,Aurora.a@rosemail.com,0995510180,Bubble Tea,1976-08-28,2023-03-01 07:31:00,diamond,2024-12-22 12:33:00,9.0,318.0,55830.0
299,Zom,F,Zom.l@rosemail.com,0623428265,Bubble Tea,1966-04-25,2023-03-01 09:35:00,platinum,2024-12-22 09:05:00,9.0,294.0,51355.0
300,Pancetti,F,Pancetti.q@lotusmail.com,0660578775,Thai Tea,1988-08-13,2023-03-01 10:42:00,diamond,2024-11-27 09:00:00,34.0,311.0,48435.0
301,Krit,M,Krit.f@carnationmail.com,0945549999,Bubble Tea,1976-03-29,2023-03-01 09:54:00,platinum,2024-12-04 19:38:00,27.0,298.0,49825.0
302,Tangy,F,Tangy.z@dahlia.com,0889032747,Bubble Tea,1996-02-02,2023-03-01 08:42:00,diamond,2024-12-23 08:46:00,8.0,323.0,51520.0
303,Joe,M,Joe.v@tulipmail.com,0886108440,Bubble Tea,1983-08-05,2023-03-01 08:39:00,diamond,2024-12-22 11:44:00,9.0,322.0,51430.0
304,Paolo,M,Paolo.a@lotusmail.com,0963701514,Bubble Tea,1995-02-03,2023-03-01 07:19:00,diamond,2024-12-21 15:23:00,10.0,307.0,48590.0
305,Jay,M,Jay.t@tulipmail.com,0876599407,Bubble Tea,1987-07-20,2023-03-01 06:57:00,gold,2024-03-06 10:17:00,300.0,186.0,29290.0
306,Mitzi,F,Mitzi.v@rosemail.com,0872203416,Bubble Tea,1988-07-16,2023-04-01 09:47:00,gold,2024-12-20 07:43:00,11.0,249.0,37645.0
307,Goy,F,Goy.l@dahlia.com,0961691656,Thai Tea,2007-10-02,2023-04-01 13:07:00,platinum,2024-12-25 19:22:00,6.0,256.0,45385.0
308,Bree,F,Bree.l@sunflowermail.com,0622418531,Bubble Tea,2004-02-05,2023-04-01 07:57:00,gold,2024-12-25 06:13:00,6.0,198.0,29950.0
309,Ribbot,M,Ribbot.a@lilymail.com,0642867240,Bubble Tea,1974-07-02,2023-04-01 19:23:00,gold,2024-09-30 13:11:00,92.0,184.0,27890.0
310,Mai,F,Mai.g@dahlia.com,0600211727,Bubble Tea,1966-06-18,2023-04-01 10:47:00,silver,2023-12-24 15:31:00,373.0,126.0,18800.0
311,Doc,M,Doc.a@dahlia.com,0966007754,Yuzu Tea,2003-02-23,2023-04-01 10:04:00,gold,2024-12-26 17:33:00,5.0,241.0,38045.0
312,Sam,M,Sam.o@sunflowermail.com,0681592067,Bubble Tea,1972-05-01,2023-04-01 07:41:00,gold,2024-12-15 07:52:00,16.0,238.0,40905.0
313,Jib,F,Jib.o@lilymail.com,0633549174,Bubble Tea,1976-02-12,2023-04-01 09:07:00,gold,2024-12-26 18:24:00,5.0,242.0,42545.0
314,Kae,F,Kae.v@dahlia.com,0900732526,Iced Latte,1962-03-17,2023-04-01 08:45:00,silver,2024-06-01 12:11:00,213.0,149.0,28955.0
315,Mix,M,Mix.p@lotusmail.com,0699027095,Bubble Tea,2000-08-09,2023-04-01 08:41:00,gold,2024-12-26 16:44:00,5.0,232.0,37325.0
316,Hopkins,M,Hopkins.x@lilymail.com,0987420782,Bubble Tea,2001-09-06,2023-04-01 12:35:00,gold,2024-12-27 17:42:00,4.0,249.0,38045.0
317,Nene,F,Nene.p@lotusmail.com,0835759102,Bubble Tea,1978-03-13,2023-04-01 09:15:00,gold,2024-12-19 15:20:00,12.0,230.0,39210.0
318,Gayle,F,Gayle.w@dahlia.com,0612500173,Bubble Tea,2001-03-09,2023-04-01 14:23:00,gold,2024-12-24 15:56:00,7.0,241.0,43395.0
319,Fern,F,Fern.u@daisymail.com,0809041922,Bubble Tea,1976-03-13,2023-04-01 08:33:00,silver,2024-07-04 15:53:00,180.0,166.0,26510.0
320,Tanya,F,Tanya.d@tulipmail.com,0645252773,Yuzu Tea,1985-10-02,2023-04-01 09:28:00,silver,2024-04-05 18:00:00,270.0,148.0,26960.0
321,Astrid,F,Astrid.n@daffodilmail.com,0671589662,Bubble Tea,1966-01-26,2023-04-01 09:24:00,gold,2024-12-23 15:41:00,8.0,241.0,39695.0
322,Wade,M,Wade.j@carnationmail.com,0954830028,Bubble Tea,2000-12-10,2023-04-01 15:35:00,gold,2024-12-29 12:11:00,2.0,239.0,36155.0
323,Canberra,F,Canberra.i@daffodilmail.com,0993159647,Bubble Tea,2003-08-26,2023-05-01 09:06:00,silver,2024-07-02 20:06:00,182.0,142.0,23640.0
324,Boy,M,Boy.p@daffodilmail.com,0840142780,Bubble Tea,1988-12-15,2023-05-01 10:54:00,gold,2024-12-31 12:41:00,0.0,190.0,30640.0
325,Nok,F,Nok.b@lotusmail.com,0601824654,Yuzu Tea,1968-10-09,2023-05-01 08:26:00,silver,2024-07-03 14:50:00,181.0,145.0,24670.0
326,Dobie,M,Dobie.l@irismail.com,0904539920,Bubble Tea,1998-05-17,2023-05-01 11:32:00,gold,2024-12-17 08:05:00,14.0,187.0,30245.0
327,Stu,M,Stu.q@sunflowermail.com,0887948976,Yuzu Tea,1984-10-29,2023-05-01 09:44:00,silver,2024-08-02 14:14:00,151.0,143.0,23090.0
328,Whitney,F,Whitney.b@rosemail.com,0919889418,Thai Tea,1993-07-14,2023-05-01 11:17:00,gold,2024-12-13 16:03:00,18.0,191.0,29680.0
329,Celia,F,Celia.z@carnationmail.com,0827294703,Yuzu Tea,1975-12-31,2023-05-01 10:24:00,gold,2024-12-27 16:21:00,4.0,215.0,36365.0
330,Boat,M,Boat.v@rosemail.com,0840158934,Bubble Tea,2007-01-07,2023-05-02 10:12:00,silver,2023-12-29 12:58:00,368.0,112.0,16505.0
331,Rada,F,Rada.m@daisymail.com,0861989245,Bubble Tea,1990-06-09,2023-05-01 08:14:00,gold,2024-12-14 07:59:00,17.0,185.0,31900.0
332,Margie,F,Margie.f@daffodilmail.com,0696098406,Green Tea,1984-03-26,2023-05-01 12:58:00,gold,2024-12-13 16:53:00,18.0,180.0,35330.0
333,Bluebear,F,Bluebear.g@lotusmail.com,0620541346,Yuzu Tea,2008-04-05,2023-05-01 11:05:00,gold,2024-12-21 10:12:00,10.0,189.0,33740.0
334,BuaLoy,F,BuaLoy.i@lotusmail.com,0825106609,Bubble Tea,1987-02-24,2023-05-02 08:46:00,silver,2024-12-22 19:47:00,9.0,167.0,29010.0
335,Boone,M,Boone.r@tulipmail.com,0921811699,Bubble Tea,2008-01-04,2023-05-01 09:21:00,silver,2024-06-27 19:28:00,187.0,128.0,20820.0
336,Dobie,M,Dobie.d@irismail.com,0871906928,Thai Tea,1966-09-15,2023-05-01 11:35:00,gold,2024-12-21 07:37:00,10.0,180.0,29455.0
337,Dora,F,Dora.w@tulipmail.com,0994725436,Bubble Tea,1980-03-29,2023-05-01 12:22:00,gold,2024-12-29 07:00:00,2.0,180.0,33170.0
338,Note,M,Note.q@lotusmail.com,0622635882,Yuzu Tea,1987-02-09,2023-05-01 14:16:00,silver,2024-07-03 08:42:00,181.0,141.0,22420.0
339,Rolf,M,Rolf.p@rosemail.com,0809670373,Iced Latte,1975-03-28,2023-05-01 14:46:00,silver,2023-12-28 10:49:00,369.0,110.0,18365.0
340,Champoo,F,Champoo.z@dahlia.com,0843301828,Bubble Tea,2005-03-02,2023-05-01 10:59:00,gold,2024-12-28 12:13:00,3.0,190.0,31410.0
341,First,M,First.n@irismail.com,0617147579,Bubble Tea,1972-10-10,2023-05-01 11:53:00,gold,2024-12-24 11:36:00,7.0,225.0,36130.0
342,Anda,F,Anda.c@irismail.com,0963765133,Bubble Tea,1967-12-04,2023-05-02 08:46:00,silver,2024-07-04 15:23:00,180.0,132.0,22700.0
343,Orn,F,Orn.j@irismail.com,0660979672,Bubble Tea,1968-01-17,2023-05-02 11:10:00,gold,2024-12-19 15:42:00,12.0,196.0,31555.0
344,Cobb,M,Cobb.m@lilymail.com,0611659291,Bubble Tea,1982-05-03,2023-05-02 10:30:00,gold,2024-12-24 17:11:00,7.0,193.0,27525.0
345,Jib,F,Jib.o@sunflowermail.com,0810596063,Bubble Tea,2004-10-31,2023-05-01 10:36:00,gold,2024-11-01 11:26:00,60.0,186.0,29355.0
346,Mathilda,F,Mathilda.a@sunflowermail.com,0967192535,Bubble Tea,1998-04-22,2023-05-01 10:33:00,gold,2024-12-23 19:28:00,8.0,193.0,30940.0
347,Pop,F,Pop.o@rosemail.com,0632257734,Yuzu Tea,1975-10-01,2023-05-01 13:05:00,silver,2024-07-04 19:03:00,180.0,145.0,24540.0
348,Maggie,F,Maggie.c@carnationmail.com,0827254398,Bubble Tea,1974-04-26,2023-05-01 10:04:00,silver,2024-12-23 15:53:00,8.0,173.0,28235.0
349,Kae,F,Kae.u@irismail.com,0871507082,Thai Tea,1975-04-21,2023-05-01 09:33:00,silver,2024-07-04 17:03:00,180.0,119.0,18680.0
350,Jeed,F,Jeed.i@daffodilmail.com,0848175735,Thai Tea,1996-04-01,2023-06-01 00:00:00,silver,2024-12-28 19:51:00,3.0,165.0,28520.0
351,Kanyawee,F,Kanyawee.f@rosemail.com,0689264733,Yuzu Tea,1967-05-29,2023-06-01 00:00:00,silver,2024-12-03 15:19:00,28.0,153.0,24605.0
352,Tiffany,F,Tiffany.y@daffodilmail.com,0871429748,Bubble Tea,1983-01-31,2023-06-01 00:00:00,silver,2024-12-23 11:09:00,8.0,169.0,27105.0
353,Elise,F,Elise.o@tulipmail.com,0660580306,Bubble Tea,1989-11-01,2023-06-01 09:28:00,silver,2024-12-31 12:10:00,0.0,159.0,31815.0
354,Bibi,F,Bibi.y@tulipmail.com,0856433878,Jasmine Tea,1978-10-28,2023-06-01 16:30:00,silver,2023-12-26 15:40:00,371.0,70.0,11735.0
355,Moe,M,Moe.j@lotusmail.com,0934778820,Thai Tea,2006-02-22,2023-06-01 07:29:00,silver,2024-12-23 15:56:00,8.0,152.0,24335.0
356,Cashmere,F,Cashmere.n@lotusmail.com,0638844963,Mocha,1996-02-07,2023-06-01 09:17:00,silver,2024-12-11 12:41:00,20.0,174.0,34460.0
357,Max,M,Max.y@irismail.com,0818819332,Yuzu Tea,1961-07-24,2023-06-01 09:45:00,silver,2024-12-11 12:09:00,20.0,163.0,28475.0
358,Nok,F,Nok.o@lilymail.com,0938233873,Yuzu Tea,1984-12-06,2023-06-01 12:40:00,gold,2024-12-26 13:49:00,5.0,182.0,28720.0
359,Prince,M,Prince.c@carnationmail.com,0634570377,Bubble Tea,1992-01-13,2023-06-01 15:49:00,gold,2024-12-24 21:20:00,7.0,185.0,29985.0
360,Kai,M,Kai.g@dahlia.com,0986903580,Thai Tea,1970-09-29,2023-06-01 09:45:00,silver,2024-12-21 10:04:00,10.0,164.0,28730.0
361,Jack,M,Jack.g@lilymail.com,0826715695,Bubble Tea,2002-01-06,2023-06-01 11:46:00,silver,2024-12-23 10:54:00,8.0,159.0,25445.0
362,Mac,M,Mac.c@sunflowermail.com,0951369320,Bubble Tea,1988-09-04,2023-06-01 08:37:00,silver,2024-12-24 09:11:00,7.0,160.0,27790.0
363,Ying,F,Ying.z@lilymail.com,0962055850,Thai Tea,1991-07-03,2023-06-01 08:08:00,silver,2024-09-02 08:10:00,120.0,119.0,21205.0
364,Zung,F,Zung.e@daffodilmail.com,0658119901,Bubble Tea,1971-10-19,2023-06-01 10:02:00,gold,2024-12-19 19:36:00,12.0,181.0,28590.0
365,Gabi,F,Gabi.m@rosemail.com,0903816037,Bubble Tea,1964-04-21,2023-06-01 07:05:00,silver,2023-12-27 17:17:00,370.0,88.0,13815.0
366,Prim,F,Prim.v@rosemail.com,0611840136,Green Tea,1980-05-23,2023-06-01 06:26:00,silver,2024-12-21 15:51:00,10.0,166.0,28810.0
367,Ging,F,Ging.m@sunflowermail.com,0649943294,Yuzu Tea,1990-02-16,2023-06-01 10:42:00,silver,2023-12-29 17:09:00,368.0,82.0,15405.0
368,Rhonda,F,Rhonda.f@dahlia.com,0694209837,Yuzu Tea,1982-10-01,2023-06-01 08:49:00,silver,2024-12-06 09:30:00,25.0,164.0,26480.0
369,O'Hare,M,O'Hare.q@carnationmail.com,0821154014,Bubble Tea,1989-01-31,2023-06-01 06:41:00,silver,2024-12-24 15:22:00,7.0,161.0,24570.0
370,Best,M,Best.y@rosemail.com,0942577895,Bubble Tea,1990-05-18,2023-06-01 10:42:00,silver,2024-12-24 12:09:00,7.0,169.0,26105.0
371,Mac,M,Mac.t@sunflowermail.com,0626853502,Thai Tea,1994-05-15,2023-06-01 13:32:00,silver,2024-07-03 15:05:00,181.0,108.0,17370.0
372,Flurry,F,Flurry.g@carnationmail.com,0667277630,Bubble Tea,1966-08-26,2023-06-01 08:35:00,silver,2023-12-19 19:37:00,378.0,84.0,15630.0
373,Milk,F,Milk.l@daffodilmail.com,0637511278,Mocha,1989-09-25,2023-06-01 12:58:00,silver,2024-07-01 09:33:00,183.0,81.0,12330.0
374,Olivia,F,Olivia.x@lilymail.com,0924300256,Bubble Tea,1960-03-15,2023-07-01 00:00:00,silver,2024-12-20 15:19:00,11.0,141.0,25460.0
375,Barold,M,Barold.f@sunflowermail.com,0968288565,Bubble Tea,1993-11-05,2023-07-01 00:00:00,silver,2024-12-30 13:37:00,1.0,147.0,24250.0
376,Bao,F,Bao.h@dahlia.com,0632540251,Yuzu Tea,1976-02-23,2023-07-01 15:18:00,silver,2024-07-04 12:30:00,180.0,70.0,8625.0
377,Fai,F,Fai.m@lotusmail.com,0891905555,Yuzu Tea,1984-11-16,2023-07-01 11:48:00,silver,2024-12-27 17:23:00,4.0,132.0,24545.0
378,Benz,F,Benz.u@daisymail.com,0839715629,Yuzu Tea,1987-05-02,2023-07-01 15:22:00,silver,2024-07-04 10:32:00,180.0,68.0,10225.0
379,Ozzie,M,Ozzie.h@lilymail.com,0663532836,Green Tea,1972-03-04,2023-07-01 15:27:00,silver,2024-07-03 16:04:00,181.0,81.0,12945.0
380,Cesar,M,Cesar.t@daisymail.com,0812073204,Bubble Tea,1980-08-04,2023-07-01 18:15:00,silver,2024-07-04 12:37:00,180.0,79.0,12415.0
381,Portia,F,Portia.i@lotusmail.com,0623530027,Bubble Tea,2007-05-01,2023-07-03 14:12:00,silver,2024-12-23 11:42:00,8.0,158.0,25235.0
382,Huck,M,Huck.r@tulipmail.com,0884729740,Bubble Tea,1969-09-07,2023-07-01 14:34:00,silver,2023-12-22 07:10:00,375.0,66.0,10885.0
383,Pekoe,F,Pekoe.z@lotusmail.com,0822990217,Yuzu Tea,2006-01-21,2023-07-01 12:37:00,silver,2024-12-21 14:56:00,10.0,142.0,25615.0
384,Mie,F,Mie.m@sunflowermail.com,0971970055,Bubble Tea,1975-06-14,2023-07-02 10:29:00,silver,2024-12-24 10:38:00,7.0,116.0,19005.0
385,Lionel,M,Lionel.h@irismail.com,0689503218,Thai Tea,1978-05-06,2023-07-01 10:38:00,silver,2024-12-19 16:36:00,12.0,152.0,22590.0
386,Fern,F,Fern.u@tulipmail.com,0677141872,Yuzu Tea,1980-08-26,2023-07-03 10:10:00,silver,2024-07-03 17:37:00,181.0,78.0,13220.0
387,Jitters,M,Jitters.a@lotusmail.com,0688933625,Bubble Tea,1972-11-24,2023-07-01 15:33:00,silver,2023-12-28 13:53:00,369.0,73.0,11575.0
388,Sprinkle,F,Sprinkle.d@daisymail.com,0978242284,Bubble Tea,1981-01-02,2023-07-01 09:15:00,silver,2024-12-23 19:00:00,8.0,157.0,26550.0
389,Becky,F,Becky.e@carnationmail.com,0868268234,Bubble Tea,2001-12-04,2023-07-01 07:27:00,silver,2024-12-24 16:42:00,7.0,143.0,23735.0
390,Deirdre,F,Deirdre.s@tulipmail.com,0915985963,Bubble Tea,2005-02-22,2023-07-01 09:33:00,silver,2024-12-24 12:42:00,7.0,149.0,21005.0
391,Vesta,F,Vesta.e@daisymail.com,0951442350,Green Tea,1999-03-06,2023-07-01 10:27:00,silver,2024-07-02 08:38:00,182.0,72.0,12785.0
392,Del,M,Del.s@tulipmail.com,0880467600,Thai Tea,2002-04-29,2023-08-01 00:00:00,silver,2023-12-24 15:46:00,373.0,50.0,7625.0
393,Egbert,M,Egbert.w@lilymail.com,0641910426,Bubble Tea,1969-05-28,2023-08-01 15:03:00,silver,2023-12-28 16:02:00,369.0,64.0,10480.0
394,Klaus,M,Klaus.i@rosemail.com,0616175935,Bubble Tea,1976-02-22,2023-08-01 10:28:00,silver,2024-12-19 13:26:00,12.0,120.0,18615.0
395,Vee,F,Vee.z@irismail.com,0822400479,Mocha,2005-02-01,2023-08-01 09:13:00,silver,2023-12-21 09:34:00,376.0,49.0,8325.0
396,Rory,M,Rory.w@rosemail.com,0999302913,Bubble Tea,1969-02-16,2023-08-01 14:09:00,silver,2024-12-26 09:41:00,5.0,112.0,18760.0
397,Ping,M,Ping.a@dahlia.com,0925240303,Bubble Tea,1969-04-04,2023-08-02 12:26:00,silver,2024-12-28 18:33:00,3.0,124.0,18510.0
398,Ua,F,Ua.e@daisymail.com,0999075422,Bubble Tea,1992-09-17,2023-08-01 17:57:00,silver,2024-12-23 20:57:00,8.0,107.0,17060.0
399,Whitney,F,Whitney.r@sunflowermail.com,0910144775,Yuzu Tea,2004-02-15,2023-08-01 15:10:00,silver,2024-12-27 18:47:00,4.0,126.0,21435.0
400,Kam,F,Kam.p@carnationmail.com,0935800817,Green Tea,1961-06-27,2023-08-01 07:36:00,silver,2023-12-30 18:42:00,367.0,73.0,13455.0
401,Bob,M,Bob.l@irismail.com,0975566033,Bubble Tea,1982-01-12,2023-08-02 09:06:00,silver,2023-12-26 15:46:00,371.0,70.0,10350.0
402,Stu,M,Stu.f@daisymail.com,0614297577,Thai Tea,2002-02-05,2023-08-01 10:35:00,silver,2023-12-21 15:15:00,376.0,65.0,10485.0
403,Zell,M,Zell.u@lotusmail.com,0602547331,Yuzu Tea,1984-02-17,2023-08-01 14:28:00,silver,2024-12-17 12:44:00,14.0,127.0,21210.0
404,Julia,F,Julia.g@irismail.com,0996316508,Yuzu Tea,1968-11-03,2023-08-02 13:18:00,silver,2024-12-18 10:18:00,13.0,114.0,18845.0
405,Lynn,F,Lynn.b@irismail.com,0995104279,Green Tea,1981-12-23,2023-08-02 12:05:00,silver,2024-12-24 10:54:00,7.0,115.0,21770.0
406,Janie,F,Janie.p@daffodilmail.com,0982951403,Bubble Tea,1980-11-15,2023-08-01 09:11:00,silver,2024-12-27 14:23:00,4.0,111.0,18125.0
407,KidCat,M,KidCat.w@carnationmail.com,0680340663,Thai Tea,1965-08-16,2023-08-02 08:03:00,silver,2024-12-21 15:51:00,10.0,95.0,15485.0
408,Claude,M,Claude.o@irismail.com,0960926854,Bubble Tea,2007-06-30,2023-08-01 12:45:00,silver,2024-12-24 19:36:00,7.0,105.0,16545.0
409,Violet,F,Violet.f@dahlia.com,0904929471,Green Tea,1994-04-17,2023-08-01 20:06:00,silver,2024-12-24 14:57:00,7.0,100.0,18370.0
410,Lek,M,Lek.e@rosemail.com,0606387130,Bubble Tea,1982-08-13,2023-08-01 09:53:00,silver,2024-12-27 10:03:00,4.0,123.0,20980.0
411,Hazel,F,Hazel.a@tulipmail.com,0849530190,Bubble Tea,1981-05-28,2023-08-03 10:53:00,silver,2024-12-29 10:46:00,2.0,108.0,20260.0
412,Tum,F,Tum.x@lotusmail.com,0678525617,Yuzu Tea,1990-09-09,2023-08-01 08:27:00,silver,2024-12-27 16:43:00,4.0,123.0,18810.0
413,Duen,F,Duen.w@irismail.com,0909083612,Yuzu Tea,1966-12-17,2023-08-01 14:34:00,silver,2024-12-17 13:56:00,14.0,132.0,22895.0
414,Ike,M,Ike.r@dahlia.com,0976024086,Yuzu Tea,1994-11-27,2023-08-01 08:38:00,silver,2024-12-26 15:16:00,5.0,127.0,17925.0
415,Rex,M,Rex.h@tulipmail.com,0970648324,Bubble Tea,1976-03-12,2023-09-01 00:00:00,silver,2024-12-20 18:25:00,11.0,104.0,15840.0
416,Note,M,Note.w@tulipmail.com,0802075549,Thai Tea,1992-06-21,2023-09-01 00:00:00,silver,2024-12-19 19:15:00,12.0,82.0,12555.0
417,Jazz,F,Jazz.u@irismail.com,0855364723,Green Tea,1997-01-02,2023-09-01 07:22:00,silver,2023-12-29 12:24:00,368.0,47.0,7880.0
418,T-Bone,M,T-Bone.s@rosemail.com,0907572939,Bubble Tea,1971-11-15,2023-09-01 15:31:00,silver,2024-12-25 06:02:00,6.0,94.0,12865.0
419,Jay,M,Jay.r@rosemail.com,0929489939,Green Tea,1979-01-10,2023-09-01 12:20:00,silver,2024-12-14 10:03:00,17.0,86.0,12940.0
420,Leklek,F,Leklek.x@carnationmail.com,0825851184,Bubble Tea,1972-10-15,2023-09-01 09:15:00,silver,2024-12-26 14:47:00,5.0,82.0,15180.0
421,Jaja,F,Jaja.d@daffodilmail.com,0864866248,Bubble Tea,1975-06-10,2023-09-01 07:19:00,silver,2024-12-22 14:51:00,9.0,92.0,14725.0
422,Nana,F,Nana.h@rosemail.com,0870669258,Bubble Tea,1998-05-12,2023-09-01 08:12:00,silver,2024-12-24 15:05:00,7.0,81.0,14075.0
423,Audie,F,Audie.l@daffodilmail.com,0868273425,Bubble Tea,1981-06-13,2023-09-01 07:25:00,silver,2024-12-27 15:51:00,4.0,97.0,18150.0
424,Aon,M,Aon.k@lotusmail.com,0898913720,Bubble Tea,1965-06-14,2023-09-01 09:03:00,silver,2023-12-22 10:42:00,375.0,47.0,6755.0
425,Dan,M,Dan.g@daisymail.com,0656541368,Thai Tea,2005-06-12,2023-09-01 10:09:00,silver,2024-12-21 12:12:00,10.0,99.0,15570.0
426,Claudia,F,Claudia.z@daisymail.com,0888033952,Thai Tea,1978-04-27,2023-09-01 09:10:00,silver,2024-12-24 15:31:00,7.0,103.0,15275.0
427,Moe,M,Moe.m@daffodilmail.com,0659864206,Thai Tea,1989-04-10,2023-09-01 09:48:00,silver,2023-12-22 18:02:00,375.0,50.0,7615.0
428,Lalisa,F,Lalisa.p@carnationmail.com,0907700975,Bubble Tea,1983-04-25,2023-09-01 07:46:00,silver,2024-10-24 18:37:00,68.0,70.0,11565.0
429,Gun,M,Gun.x@daffodilmail.com,0925957912,Thai Tea,1988-02-18,2023-09-01 06:19:00,silver,2024-12-31 20:31:00,0.0,93.0,14620.0
430,Astrid,F,Astrid.l@carnationmail.com,0924296086,Jasmine Tea,1964-07-27,2023-09-01 09:45:00,silver,2024-12-20 12:06:00,11.0,79.0,14945.0
431,Naomi,F,Naomi.g@daisymail.com,0688130761,Yuzu Tea,2005-02-12,2023-09-01 09:01:00,silver,2024-12-21 12:24:00,10.0,98.0,16095.0
432,Kidd,M,Kidd.s@daisymail.com,0927999193,Yuzu Tea,1960-06-14,2023-09-01 08:13:00,silver,2024-12-17 13:45:00,14.0,76.0,12130.0
433,Chester,M,Chester.a@irismail.com,0859593531,Bubble Tea,1979-01-13,2023-09-01 07:38:00,silver,2024-12-23 18:46:00,8.0,98.0,15875.0
434,Raddle,M,Raddle.o@carnationmail.com,0979559239,Bubble Tea,1985-08-23,2023-09-01 09:51:00,silver,2024-12-12 17:32:00,19.0,85.0,13330.0
435,Candi,F,Candi.x@dahlia.com,0604203043,Green Tea,1964-02-08,2023-09-01 08:07:00,silver,2024-12-17 11:43:00,14.0,93.0,15785.0
436,Earn,F,Earn.v@daffodilmail.com,0696510835,Bubble Tea,1983-05-28,2023-09-01 10:29:00,silver,2023-12-30 12:04:00,367.0,42.0,7435.0
437,Pee,M,Pee.j@rosemail.com,0629603571,Thai Tea,1983-07-17,2023-09-01 09:06:00,silver,2024-12-24 12:07:00,7.0,96.0,13220.0
438,Jack,M,Jack.t@daisymail.com,0923112760,Yuzu Tea,1994-07-15,2023-09-01 08:30:00,silver,2024-10-02 08:55:00,90.0,65.0,9740.0
439,Zung,F,Zung.j@carnationmail.com,0634538466,Yuzu Tea,1980-11-15,2023-09-01 08:41:00,silver,2024-12-20 15:47:00,11.0,81.0,12475.0
440,Derwin,M,Derwin.d@daisymail.com,0835507233,Bubble Tea,1963-08-17,2023-10-02 12:10:00,silver,2024-12-23 18:06:00,8.0,70.0,13480.0
441,Peak,M,Peak.g@tulipmail.com,0609184974,Bubble Tea,1985-02-01,2023-10-01 09:23:00,silver,2024-12-28 18:32:00,3.0,57.0,9475.0
442,Stitches,M,Stitches.f@rosemail.com,0851700175,Thai Tea,1964-08-29,2023-10-02 10:06:00,silver,2024-12-17 12:17:00,14.0,64.0,9895.0
443,Pang,F,Pang.k@tulipmail.com,0629311977,Bubble Tea,2000-09-23,2023-10-01 11:47:00,silver,2024-12-24 13:13:00,7.0,56.0,12590.0
444,Peewee,M,Peewee.b@carnationmail.com,0690713075,Bubble Tea,1985-11-05,2023-10-01 07:09:00,silver,2024-12-21 11:06:00,10.0,58.0,9855.0
445,Caroline,F,Caroline.n@tulipmail.com,0891713012,Bubble Tea,1976-08-01,2023-10-02 10:55:00,silver,2023-12-28 15:09:00,369.0,39.0,8060.0
446,Willow,F,Willow.p@carnationmail.com,0986111388,Bubble Tea,1983-08-08,2023-10-01 17:58:00,silver,2024-12-23 17:06:00,8.0,56.0,10340.0
447,Cleo,F,Cleo.i@lotusmail.com,0825987610,Green Tea,2008-10-11,2023-10-01 08:44:00,silver,2023-12-29 08:51:00,368.0,37.0,5965.0
448,Dobie,M,Dobie.l@lotusmail.com,0976407335,Bubble Tea,1970-08-19,2023-10-01 12:19:00,silver,2024-12-11 12:27:00,20.0,47.0,7045.0
449,Rodeo,M,Rodeo.u@tulipmail.com,0861300168,Bubble Tea,2006-08-07,2023-10-02 09:22:00,silver,2024-12-30 12:52:00,1.0,58.0,8705.0
450,Pond,M,Pond.y@sunflowermail.com,0633444180,Bubble Tea,1995-10-01,2023-10-01 15:37:00,silver,2024-12-29 11:40:00,2.0,74.0,11750.0
451,Yum,F,Yum.e@irismail.com,0877217782,Bubble Tea,1993-09-25,2023-10-01 09:53:00,silver,2024-12-20 16:20:00,11.0,70.0,10165.0
452,Jeab,F,Jeab.x@lilymail.com,0981301114,Thai Tea,1966-08-25,2023-10-01 13:42:00,silver,2024-12-31 10:59:00,0.0,77.0,14010.0
453,Audie,F,Audie.j@rosemail.com,0907176564,Bubble Tea,1970-09-24,2023-10-01 08:58:00,silver,2023-12-21 15:04:00,376.0,24.0,4615.0
454,Wi,F,Wi.f@daisymail.com,0894229223,Green Tea,1969-08-28,2023-10-02 08:08:00,silver,2024-12-28 13:46:00,3.0,66.0,10020.0
455,Wan,F,Wan.e@lilymail.com,0693832059,Green Tea,1989-03-01,2023-10-02 09:37:00,silver,2024-12-13 09:37:00,18.0,44.0,9720.0
456,Cheri,F,Cheri.b@tulipmail.com,0887518509,Bubble Tea,1997-01-02,2023-10-02 08:34:00,silver,2024-12-26 09:03:00,5.0,52.0,8790.0
457,Bluebear,F,Bluebear.v@dahlia.com,0961280378,Yuzu Tea,1997-11-19,2023-10-01 07:18:00,silver,2024-12-20 18:11:00,11.0,48.0,8530.0
458,Charlise,F,Charlise.b@irismail.com,0650453289,Yuzu Tea,2001-11-09,2023-10-01 12:07:00,silver,2023-12-26 18:13:00,371.0,37.0,5340.0
459,Kim,M,Kim.w@daffodilmail.com,0868865749,Jasmine Tea,1964-12-16,2023-10-02 09:54:00,silver,2024-12-27 16:04:00,4.0,52.0,9975.0
460,Renรฉe,F,Renรฉe.b@lotusmail.com,0878106256,Thai Tea,1965-10-05,2023-10-02 09:44:00,silver,2023-12-29 09:41:00,368.0,26.0,4635.0
461,Flo,F,Flo.c@irismail.com,0833191723,Yuzu Tea,1997-12-09,2023-10-01 07:56:00,silver,2024-12-23 07:12:00,8.0,62.0,11255.0
462,Lyman,M,Lyman.h@daffodilmail.com,0903333089,Thai Tea,1981-10-31,2023-10-02 06:12:00,silver,2024-12-17 10:22:00,14.0,65.0,10150.0
463,Buzz,M,Buzz.k@dahlia.com,0670617508,Bubble Tea,1986-01-02,2023-10-01 14:06:00,silver,2023-12-28 11:31:00,369.0,30.0,4410.0
464,Sprinkle,F,Sprinkle.p@dahlia.com,0935953596,Thai Tea,2006-09-20,2023-10-02 07:22:00,silver,2024-12-21 10:31:00,10.0,63.0,9115.0
465,Rada,F,Rada.i@irismail.com,0639626992,Bubble Tea,1983-03-12,2023-10-02 11:30:00,silver,2024-12-24 11:11:00,7.0,62.0,9530.0
466,Pannee,F,Pannee.p@sunflowermail.com,0936858053,Bubble Tea,1995-09-11,2023-10-01 10:35:00,silver,2024-12-23 15:30:00,8.0,61.0,9250.0
467,Bank,M,Bank.e@rosemail.com,0959840590,Yuzu Tea,1996-08-19,2023-10-02 08:37:00,silver,2024-12-23 07:22:00,8.0,70.0,12920.0
468,Egbert,M,Egbert.y@carnationmail.com,0904393501,Bubble Tea,2006-12-24,2023-10-01 07:35:00,silver,2023-12-28 18:05:00,369.0,27.0,4365.0
469,Monty,M,Monty.p@daisymail.com,0849787811,Bubble Tea,2002-06-12,2023-10-01 08:04:00,silver,2024-12-19 18:36:00,12.0,47.0,6665.0
470,Gift,F,Gift.x@daffodilmail.com,0948836361,Green Tea,1990-05-05,2023-10-01 07:29:00,silver,2023-12-30 12:28:00,367.0,34.0,5685.0
471,Zen,F,Zen.g@irismail.com,0984608346,Iced Latte,2005-12-06,2023-10-02 06:40:00,silver,2024-12-28 17:57:00,3.0,48.0,9280.0
472,Kaeo,F,Kaeo.w@carnationmail.com,0991224081,Yuzu Tea,1985-10-26,2023-11-01 10:06:00,silver,2024-12-15 14:26:00,16.0,31.0,5750.0
473,Curt,M,Curt.r@daisymail.com,0662309545,Yuzu Tea,1966-07-05,2023-11-01 10:00:00,silver,2024-12-24 08:56:00,7.0,26.0,4690.0
474,Pop,M,Pop.o@dahlia.com,0886275518,Green Tea,1978-11-22,2023-11-01 08:27:00,silver,2024-12-12 13:46:00,19.0,36.0,7260.0
475,Hopkins,M,Hopkins.o@irismail.com,0836692599,Yuzu Tea,2004-09-02,2023-11-01 19:36:00,silver,2024-12-23 15:49:00,8.0,37.0,4585.0
476,Sai,F,Sai.z@rosemail.com,0868075497,Bubble Tea,1965-12-10,2023-11-01 06:43:00,silver,2024-12-25 17:01:00,6.0,37.0,6075.0
477,Punchy,M,Punchy.d@daffodilmail.com,0977047957,Yuzu Tea,1998-06-12,2023-11-01 08:22:00,silver,2024-12-31 10:41:00,0.0,47.0,8655.0
478,June,F,June.u@sunflowermail.com,0952310806,Yuzu Tea,1969-05-26,2023-11-01 14:59:00,silver,2024-12-24 12:01:00,7.0,34.0,5525.0
479,Olaf,M,Olaf.w@tulipmail.com,0902530552,Bubble Tea,1981-07-12,2023-11-01 08:16:00,silver,2024-12-22 13:33:00,9.0,33.0,5930.0
480,Gloria,F,Gloria.h@tulipmail.com,0858834643,Yuzu Tea,1996-08-07,2023-11-01 12:12:00,silver,2024-12-25 11:20:00,6.0,27.0,4455.0
481,Ed,M,Ed.b@lotusmail.com,0657052357,Bubble Tea,2002-04-18,2023-11-01 09:00:00,silver,2024-12-24 08:37:00,7.0,38.0,5640.0
482,Ua,F,Ua.f@irismail.com,0844392891,Bubble Tea,1986-01-28,2023-11-01 08:39:00,silver,2024-12-23 13:22:00,8.0,45.0,7130.0
483,Rhonda,F,Rhonda.h@sunflowermail.com,0852387508,Bubble Tea,1978-03-05,2023-11-01 14:37:00,silver,2024-12-27 16:15:00,4.0,45.0,8540.0
484,Eunice,F,Eunice.u@carnationmail.com,0864653080,Bubble Tea,1985-05-10,2023-11-01 12:06:00,silver,2024-12-13 17:50:00,18.0,36.0,5610.0
485,View,M,View.c@lotusmail.com,0964231750,Bubble Tea,1990-06-17,2023-11-01 09:23:00,silver,2024-12-16 08:37:00,15.0,28.0,4115.0
486,Sal,F,Sal.p@daisymail.com,0974625878,Iced Latte,1964-05-30,2023-11-01 13:42:00,silver,2024-12-24 08:54:00,7.0,35.0,8105.0
487,Noon,F,Noon.u@rosemail.com,0804373430,Bubble Tea,1993-02-09,2023-11-01 12:03:00,silver,2024-12-22 15:06:00,9.0,38.0,5855.0
488,Game,M,Game.c@carnationmail.com,0973061493,Thai Tea,1968-04-28,2023-11-01 09:48:00,silver,2024-12-24 15:37:00,7.0,41.0,6140.0
489,Aun,F,Aun.x@dahlia.com,0846669684,Bubble Tea,1985-06-16,2023-11-01 11:18:00,silver,2024-12-26 19:22:00,5.0,39.0,5360.0
490,Cally,F,Cally.y@sunflowermail.com,0863510921,Latte,1997-10-04,2023-11-01 09:07:00,silver,2024-12-28 06:52:00,3.0,37.0,6225.0
491,Maple,F,Maple.n@rosemail.com,0834049153,Bubble Tea,1967-09-20,2023-11-01 12:41:00,silver,2024-12-23 13:08:00,8.0,42.0,6475.0
492,Zom,F,Zom.w@dahlia.com,0613038531,Thai Tea,2000-10-25,2023-12-01 12:01:00,silver,2024-12-24 09:57:00,7.0,14.0,1895.0
493,Honey,F,Honey.p@daisymail.com,0807144681,Iced Latte,2008-05-21,2023-12-01 08:32:00,silver,2024-12-27 08:30:00,4.0,11.0,1670.0
494,Hamphrey,M,Hamphrey.k@tulipmail.com,0950901906,Green Tea,1989-03-07,2023-12-01 10:33:00,silver,2024-12-27 18:59:00,4.0,15.0,2610.0
495,Rodney,M,Rodney.h@lotusmail.com,0817772535,Green Tea,2001-02-10,2023-12-01 09:06:00,silver,2024-12-16 14:32:00,15.0,13.0,2375.0
496,YingYing,F,YingYing.g@tulipmail.com,0978534393,Bubble Tea,1997-05-20,2023-12-01 10:39:00,silver,2024-12-24 13:09:00,7.0,16.0,2370.0
497,Velma,F,Velma.s@daffodilmail.com,0951152430,Bubble Tea,2006-01-10,2023-12-01 08:19:00,silver,2024-12-22 17:26:00,9.0,26.0,3750.0
498,Mick,M,Mick.g@daffodilmail.com,0822541566,Bubble Tea,1976-06-22,2023-12-01 08:09:00,silver,2024-12-25 13:23:00,6.0,20.0,2475.0
499,Eloise,F,Eloise.m@lilymail.com,0895608300,Cappuccino,1985-08-30,2023-12-01 07:12:00,silver,2024-12-30 18:08:00,1.0,16.0,3085.0
500,Tutu,F,Tutu.j@lilymail.com,0990360220,Mocha,1976-05-26,2023-12-01 08:20:00,silver,2024-12-11 10:43:00,20.0,7.0,990.0
501,Elmer,M,Elmer.w@lotusmail.com,0675376972,Green Tea,1989-09-12,2023-12-01 10:54:00,silver,2024-12-19 16:15:00,12.0,15.0,3575.0
502,Duen,F,Duen.o@dahlia.com,0699500351,Iced Latte,1983-12-02,2023-12-04 10:26:00,silver,2024-12-20 08:48:00,11.0,21.0,3830.0
503,Belle,F,Belle.b@carnationmail.com,0849726903,Iced Americano,2004-08-28,2023-12-01 16:07:00,silver,2024-12-26 15:10:00,5.0,20.0,3365.0
504,Fluke,M,Fluke.t@irismail.com,0604875839,Bubble Tea,1968-04-06,2023-12-01 11:36:00,silver,2024-12-28 13:35:00,3.0,16.0,2235.0
505,Na,F,Na.g@lilymail.com,0854997790,Nitro Flat White,1966-07-16,2023-12-01 09:21:00,silver,2024-12-18 19:42:00,13.0,12.0,3165.0
506,Moon,F,Moon.x@tulipmail.com,0851564769,Yuzu Tea,2008-06-10,2023-12-01 08:45:00,silver,2024-12-20 17:54:00,11.0,18.0,2395.0
507,Lek,F,Lek.l@tulipmail.com,0856279129,Jasmine Tea,1998-10-17,2023-12-01 09:16:00,silver,2024-12-16 19:18:00,15.0,9.0,960.0
508,Zung,F,Zung.q@rosemail.com,0995642496,Thai Tea,1981-08-02,2023-12-01 09:58:00,silver,2024-12-24 13:05:00,7.0,13.0,1810.0
509,Nate,M,Nate.j@rosemail.com,0693126244,Bubble Tea,1973-05-10,2023-12-01 08:03:00,silver,2024-12-22 14:03:00,9.0,11.0,1795.0
510,Aoy,F,Aoy.g@rosemail.com,0812158297,Cappuccino,1985-11-10,2023-12-01 13:35:00,silver,2024-12-24 08:07:00,7.0,9.0,1960.0
511,Ursala,F,Ursala.r@rosemail.com,0678673625,Yuzu Tea,1999-05-03,2024-01-01 09:18:00,diamond,2024-12-26 10:46:00,5.0,333.0,56190.0
512,Gabi,F,Gabi.o@tulipmail.com,0910744389,Bubble Tea,2000-01-26,2024-01-01 06:47:00,gold,2024-07-03 18:12:00,181.0,247.0,43225.0
513,Melba,F,Melba.z@rosemail.com,0924984681,Latte,1978-10-08,2024-01-01 08:08:00,gold,2024-04-05 12:40:00,270.0,181.0,31740.0
514,Nara,F,Nara.l@irismail.com,0982691581,Bubble Tea,1961-10-08,2024-01-01 11:07:00,diamond,2024-12-17 12:04:00,14.0,335.0,63490.0
515,Marina,F,Marina.q@tulipmail.com,0992009308,Green Tea,1977-01-23,2024-01-01 12:07:00,silver,2024-02-05 17:22:00,330.0,137.0,22910.0
516,Papi,M,Papi.z@sunflowermail.com,0825184607,Yuzu Tea,1966-03-19,2024-01-01 07:27:00,diamond,2024-12-20 12:36:00,11.0,302.0,54765.0
517,Ging,F,Ging.g@carnationmail.com,0974955921,Bubble Tea,1986-11-29,2024-01-01 09:22:00,platinum,2024-12-22 08:36:00,9.0,287.0,48745.0
518,Dear,M,Dear.t@carnationmail.com,0873630832,Bubble Tea,1997-10-13,2024-01-01 08:05:00,gold,2024-08-02 17:51:00,151.0,237.0,37350.0
519,Bertha,F,Bertha.k@daisymail.com,0884557483,Bubble Tea,1965-05-08,2024-01-01 08:27:00,diamond,2024-12-16 10:00:00,15.0,305.0,50705.0
520,Roscoe,M,Roscoe.f@daisymail.com,0982728432,Bubble Tea,1986-09-04,2024-01-01 09:31:00,diamond,2024-12-17 09:51:00,14.0,312.0,54095.0
521,Olive,F,Olive.k@carnationmail.com,0948497513,Bubble Tea,1968-07-22,2024-01-01 10:26:00,gold,2024-06-25 16:21:00,189.0,244.0,42125.0
522,Eunice,F,Eunice.t@sunflowermail.com,0884975471,Thai Tea,1979-02-17,2024-01-01 08:12:00,silver,2024-01-06 15:54:00,360.0,21.0,3075.0
523,Kanyawee,F,Kanyawee.c@rosemail.com,0627437307,Nitro Flat White,1987-10-27,2024-01-01 08:07:00,silver,2024-01-06 15:29:00,360.0,24.0,3155.0
524,Bunnie,F,Bunnie.w@carnationmail.com,0889611861,Iced Latte,1995-08-05,2024-01-01 08:35:00,silver,2024-01-06 14:46:00,360.0,13.0,2465.0
525,Sai,F,Sai.k@irismail.com,0623013847,Bubble Tea,1961-05-22,2024-01-01 10:14:00,gold,2024-04-05 20:26:00,270.0,215.0,36205.0
526,Bam,M,Bam.z@lilymail.com,0656352430,Bubble Tea,1980-07-10,2024-01-01 11:44:00,diamond,2024-12-17 15:57:00,14.0,303.0,51275.0
527,O'Hare,M,O'Hare.o@carnationmail.com,0994311816,Yuzu Tea,1991-03-20,2024-01-01 06:59:00,platinum,2024-09-01 19:32:00,121.0,272.0,47435.0
528,Annalise,F,Annalise.z@lilymail.com,0855152317,Thai Tea,1996-06-14,2024-01-01 11:47:00,gold,2024-07-03 13:16:00,181.0,244.0,40335.0
529,Big,M,Big.g@rosemail.com,0610993294,Bubble Tea,1983-03-10,2024-01-01 08:40:00,diamond,2024-12-28 15:52:00,3.0,330.0,56850.0
530,Koi,F,Koi.i@lilymail.com,0628651839,Bubble Tea,1987-06-05,2024-01-01 06:19:00,gold,2024-06-27 17:22:00,187.0,246.0,40575.0
531,Meen,F,Meen.w@daffodilmail.com,0649978743,Thai Tea,1981-11-02,2024-02-01 08:19:00,gold,2024-12-17 18:10:00,14.0,195.0,35080.0
532,Tex,M,Tex.c@carnationmail.com,0631477077,Thai Tea,2003-12-21,2024-02-01 06:33:00,gold,2024-12-29 11:02:00,2.0,235.0,38030.0
533,Pannee,F,Pannee.d@dahlia.com,0834651186,Thai Tea,1986-02-01,2024-02-01 06:30:00,gold,2024-12-23 17:52:00,8.0,184.0,30670.0
534,Meow,F,Meow.x@daisymail.com,0846113984,Green Tea,2008-02-07,2024-02-01 07:23:00,silver,2024-07-30 09:21:00,154.0,144.0,23780.0
535,Meen,F,Meen.x@tulipmail.com,0843527326,Thai Tea,1978-04-27,2024-02-01 07:20:00,gold,2024-12-23 11:24:00,8.0,200.0,34425.0
536,Cube,M,Cube.c@daffodilmail.com,0945915993,Thai Tea,2002-11-25,2024-02-01 08:20:00,gold,2024-11-01 12:20:00,60.0,181.0,29340.0
538,Pan,F,Pan.m@dahlia.com,0879306782,Thai Tea,2004-02-25,2024-02-01 08:25:00,silver,2024-07-04 20:56:00,180.0,129.0,20885.0
539,Aon,M,Aon.i@lotusmail.com,0958311016,Yuzu Tea,1985-08-06,2024-02-01 07:02:00,gold,2024-12-21 16:54:00,10.0,187.0,29020.0
540,Octavian,M,Octavian.g@lotusmail.com,0934806232,Bubble Tea,1992-05-31,2024-02-01 06:32:00,gold,2024-12-23 09:52:00,8.0,195.0,32065.0
541,Biff,M,Biff.n@lotusmail.com,0941562102,Bubble Tea,1966-10-25,2024-02-01 07:46:00,gold,2024-12-13 08:14:00,18.0,182.0,29710.0
542,Bunnie,F,Bunnie.z@rosemail.com,0870900654,Green Tea,2001-06-23,2024-02-01 09:00:00,silver,2024-07-03 16:18:00,181.0,121.0,21450.0
543,Ink,F,Ink.t@lilymail.com,0968932493,Bubble Tea,1995-11-26,2024-02-01 08:44:00,silver,2024-06-04 09:41:00,210.0,124.0,21610.0
544,Peach,F,Peach.e@daffodilmail.com,0963367565,Bubble Tea,1995-02-05,2024-02-01 08:05:00,gold,2024-11-19 16:16:00,42.0,198.0,31255.0
545,Frobert,M,Frobert.x@tulipmail.com,0680314571,Thai Tea,1989-05-02,2024-02-01 07:54:00,gold,2024-12-25 16:47:00,6.0,198.0,34705.0
546,Louie,M,Louie.e@tulipmail.com,0976936228,Yuzu Tea,1967-01-19,2024-02-01 08:05:00,gold,2024-12-21 17:45:00,10.0,212.0,35675.0
549,Art,M,Art.e@rosemail.com,0882348559,Cappuccino,1964-04-06,2024-03-01 08:56:00,silver,2024-04-05 17:22:00,270.0,49.0,8570.0
550,Lynn,F,Lynn.n@lotusmail.com,0808143823,Bubble Tea,2004-01-18,2024-03-01 08:25:00,silver,2024-12-27 07:33:00,4.0,147.0,27400.0
551,Lobo,M,Lobo.r@dahlia.com,0841951383,Thai Tea,1986-11-16,2024-03-01 10:02:00,silver,2024-07-04 12:28:00,180.0,78.0,10995.0
552,Kluay,F,Kluay.a@rosemail.com,0643632551,Bubble Tea,1998-07-18,2024-03-01 07:10:00,silver,2024-12-23 10:55:00,8.0,134.0,22900.0
556,Pinky,F,Pinky.y@daisymail.com,0698690143,Green Tea,1983-07-05,2024-03-01 06:21:00,silver,2024-12-30 15:19:00,1.0,148.0,25485.0
558,Mim,F,Mim.k@rosemail.com,0806691226,Jasmine Tea,1985-08-12,2024-03-01 08:34:00,silver,2024-06-04 18:15:00,210.0,77.0,11735.0
560,Kyle,M,Kyle.h@carnationmail.com,0973400899,Yuzu Tea,1986-02-14,2024-03-01 07:56:00,silver,2024-07-02 17:18:00,182.0,81.0,13290.0
561,Oum,F,Oum.w@daffodilmail.com,0836513726,Bubble Tea,1981-06-07,2024-03-01 08:13:00,silver,2024-12-17 15:27:00,14.0,152.0,28270.0
562,Anya,F,Anya.e@rosemail.com,0801281866,Bubble Tea,1967-10-13,2024-03-01 07:13:00,silver,2024-12-30 12:44:00,1.0,157.0,25660.0
563,Ken,M,Ken.u@lilymail.com,0689067069,Thai Tea,1969-04-28,2024-03-01 10:24:00,silver,2024-12-24 15:04:00,7.0,140.0,24270.0
568,Ankha,F,Ankha.w@dahlia.com,0670168692,Bubble Tea,2004-04-03,2024-04-01 08:06:00,silver,2024-12-16 12:52:00,15.0,120.0,20865.0
576,Win,M,Win.c@daisymail.com,0821201306,Green Tea,1982-06-21,2024-04-01 08:11:00,silver,2024-07-04 14:53:00,180.0,54.0,10445.0
578,Moon,F,Moon.d@daffodilmail.com,0967811424,Bubble Tea,2006-08-17,2024-04-01 08:58:00,silver,2024-12-23 09:29:00,8.0,90.0,14485.0
579,Hazel,F,Hazel.l@daisymail.com,0973583442,Bubble Tea,2006-02-06,2024-04-01 07:55:00,silver,2024-12-23 18:32:00,8.0,127.0,20260.0
580,Benzie,F,Benzie.u@rosemail.com,0884086905,Jasmine Tea,1986-03-07,2024-04-01 09:32:00,silver,2024-07-04 16:20:00,180.0,45.0,7020.0
581,Graham,M,Graham.e@lotusmail.com,0974892681,Bubble Tea,2003-03-06,2024-04-01 07:35:00,silver,2024-06-29 13:56:00,185.0,42.0,6275.0
583,Diva,F,Diva.a@lilymail.com,0831999560,Bubble Tea,1960-08-15,2024-04-01 08:10:00,silver,2024-12-26 17:25:00,5.0,96.0,15865.0
584,Cube,M,Cube.j@rosemail.com,0961400871,Yuzu Tea,1999-07-05,2024-04-01 07:34:00,silver,2024-07-04 19:32:00,180.0,36.0,6865.0
585,Ple,F,Ple.q@tulipmail.com,0911495794,Mocha,1974-10-16,2024-04-01 09:48:00,silver,2024-08-01 18:56:00,152.0,62.0,11580.0
586,Buzz,M,Buzz.u@daffodilmail.com,0897894381,Bubble Tea,1962-08-05,2024-04-01 08:28:00,silver,2024-12-24 19:33:00,7.0,117.0,19265.0
587,Pekoe,F,Pekoe.h@rosemail.com,0934791895,Bubble Tea,1977-12-18,2024-04-01 10:47:00,silver,2024-07-03 15:10:00,181.0,50.0,8145.0
588,Jeep,M,Jeep.n@sunflowermail.com,0655737864,Yuzu Tea,2004-04-03,2024-04-01 08:12:00,silver,2024-12-27 18:46:00,4.0,113.0,19990.0
590,Earn,F,Earn.n@dahlia.com,0816483625,Bubble Tea,2006-04-01,2024-04-01 07:35:00,silver,2024-12-29 12:02:00,2.0,89.0,16045.0
593,Pang,F,Pang.e@irismail.com,0895023236,Yuzu Tea,1964-07-17,2024-04-01 09:02:00,silver,2024-12-31 13:41:00,0.0,114.0,19905.0
594,Air,F,Air.t@daisymail.com,0993665656,Yuzu Tea,2004-10-09,2024-04-01 10:50:00,silver,2024-07-01 13:37:00,183.0,49.0,6165.0
596,Torrung,F,Torrung.b@daisymail.com,0824869549,Green Tea,1980-05-08,2024-04-01 06:25:00,silver,2024-12-24 20:16:00,7.0,97.0,17325.0
597,Orn,F,Orn.r@lilymail.com,0821094986,Yuzu Tea,1975-03-30,2024-04-01 08:25:00,silver,2024-12-19 17:41:00,12.0,104.0,19130.0
601,Genji,M,Genji.c@carnationmail.com,0672501864,Bubble Tea,1981-02-06,2024-05-01 14:18:00,silver,2024-07-04 11:00:00,180.0,35.0,6880.0
603,Gam,F,Gam.t@dahlia.com,0645318234,Thai Tea,1997-03-15,2024-05-02 09:13:00,silver,2024-07-04 19:09:00,180.0,32.0,5050.0
604,Vic,M,Vic.e@carnationmail.com,0631138875,Iced Latte,1981-07-11,2024-05-01 10:10:00,silver,2024-07-04 14:48:00,180.0,26.0,3145.0
605,Hamlet,M,Hamlet.o@lotusmail.com,0637548167,Bubble Tea,1996-02-04,2024-05-01 11:48:00,silver,2024-12-24 16:52:00,7.0,87.0,14220.0
607,Honeybee,F,Honeybee.l@rosemail.com,0827173355,Yuzu Tea,1963-12-11,2024-05-01 12:33:00,silver,2024-07-01 14:18:00,183.0,29.0,4975.0
609,Skye,F,Skye.d@daffodilmail.com,0888146706,Thai Tea,1973-05-26,2024-05-01 14:05:00,silver,2024-07-02 20:55:00,182.0,29.0,5755.0
610,Jitters,M,Jitters.q@sunflowermail.com,0654366570,Iced Latte,1984-04-19,2024-05-02 07:12:00,silver,2024-12-23 19:30:00,8.0,101.0,17030.0
611,Doc,M,Doc.h@carnationmail.com,0607135024,Bubble Tea,2002-03-10,2024-05-02 12:21:00,silver,2024-12-20 08:29:00,11.0,90.0,14930.0
612,Jane,F,Jane.o@irismail.com,0666924683,Bubble Tea,1962-05-18,2024-05-01 12:32:00,silver,2024-12-15 11:45:00,16.0,95.0,14620.0
614,Dew,F,Dew.r@daisymail.com,0635947478,Thai Tea,1974-12-01,2024-05-02 10:28:00,silver,2024-12-28 16:26:00,3.0,101.0,17935.0
615,Roscoe,M,Roscoe.w@irismail.com,0937399256,Bubble Tea,1978-09-20,2024-05-02 08:47:00,silver,2024-12-23 17:15:00,8.0,91.0,14445.0
616,Kumkaew,F,Kumkaew.u@lilymail.com,0872236914,Bubble Tea,1969-01-20,2024-05-01 10:09:00,silver,2024-05-03 12:16:00,242.0,2.0,280.0
618,Pango,F,Pango.u@daffodilmail.com,0880117015,Green Tea,1988-09-29,2024-05-01 10:23:00,silver,2024-12-31 08:01:00,0.0,110.0,18415.0
624,Reneigh,F,Reneigh.t@daffodilmail.com,0889390377,Green Tea,1975-10-02,2024-06-01 13:45:00,silver,2024-07-04 12:16:00,180.0,8.0,815.0
625,May,F,May.u@lilymail.com,0609122392,Green Tea,1971-05-10,2024-06-01 12:11:00,silver,2024-12-25 08:23:00,6.0,84.0,14915.0
626,Lyn,F,Lyn.d@daisymail.com,0886545756,Iced Americano,1973-08-31,2024-06-01 12:02:00,silver,2024-07-02 12:21:00,182.0,8.0,1280.0
629,Grizzly,M,Grizzly.m@irismail.com,0821031807,Yuzu Tea,1961-02-11,2024-06-03 12:20:00,silver,2024-12-21 08:53:00,10.0,64.0,9995.0
632,Shep,M,Shep.u@daisymail.com,0861421630,Thai Tea,2006-08-18,2024-06-01 07:06:00,silver,2024-12-26 07:55:00,5.0,88.0,15775.0
634,Frank,M,Frank.b@daisymail.com,0897541943,Green Tea,1971-10-11,2024-06-01 10:52:00,silver,2024-07-02 12:19:00,182.0,12.0,1835.0
637,Stinky,M,Stinky.c@sunflowermail.com,0964811273,Bubble Tea,1961-05-01,2024-06-01 14:35:00,silver,2024-12-22 19:09:00,9.0,90.0,14905.0
638,Puddles,F,Puddles.o@lotusmail.com,0876290427,Bubble Tea,1965-03-16,2024-07-01 00:00:00,silver,2024-10-02 15:17:00,90.0,42.0,6340.0
639,Moss,M,Moss.v@lilymail.com,0625239950,Mocha,1975-01-31,2024-07-01 00:00:00,silver,2024-12-27 21:47:00,3.0,74.0,10335.0
641,Kai,M,Kai.k@sunflowermail.com,0990960166,Green Tea,1974-09-17,2024-07-01 12:07:00,silver,2024-12-14 08:18:00,17.0,57.0,7530.0
642,Bonus,F,Bonus.o@lotusmail.com,0650183830,Yuzu Tea,1988-07-19,2024-07-01 08:04:00,silver,2024-11-26 10:34:00,35.0,57.0,10675.0
645,Bill,M,Bill.y@irismail.com,0869512079,Thai Tea,2000-06-10,2024-07-01 07:22:00,silver,2024-12-26 19:56:00,5.0,59.0,11940.0
646,Biskit,M,Biskit.t@tulipmail.com,0630711736,Yuzu Tea,1986-11-03,2024-07-01 17:34:00,silver,2024-12-23 15:07:00,8.0,57.0,10050.0
648,Walt,M,Walt.k@rosemail.com,0840542200,Thai Tea,1977-10-26,2024-07-01 07:36:00,silver,2024-12-24 13:11:00,7.0,69.0,12145.0
651,Boom,F,Boom.s@rosemail.com,0680569260,Yuzu Tea,1980-03-10,2024-07-01 10:02:00,silver,2024-12-19 12:14:00,12.0,64.0,11845.0
660,Cartoon,F,Cartoon.m@dahlia.com,0977994959,Bubble Tea,2001-05-18,2024-07-01 08:07:00,silver,2024-12-07 10:46:00,24.0,62.0,9345.0
661,Kevin,M,Kevin.p@lotusmail.com,0628465936,Thai Tea,1969-06-18,2024-07-01 13:25:00,silver,2024-12-27 12:03:00,4.0,66.0,10170.0
681,Sylvia,F,Sylvia.t@lilymail.com,0868076169,Yuzu Tea,1982-06-07,2024-08-01 08:28:00,silver,2024-12-24 14:07:00,7.0,50.0,10995.0
694,Chow,M,Chow.y@irismail.com,0828544609,Iced Latte,1990-11-03,2024-09-01 00:00:00,silver,2024-12-23 08:29:00,8.0,48.0,7020.0
698,Top,M,Top.x@sunflowermail.com,0682844498,Bubble Tea,1997-02-04,2024-09-03 06:08:00,silver,2024-12-26 12:42:00,5.0,38.0,6485.0
700,Elmer,M,Elmer.y@dahlia.com,0618995994,Black Tea,1998-04-18,2024-09-01 09:42:00,silver,2024-12-27 21:03:00,4.0,30.0,4080.0
709,Tee,M,Tee.v@daisymail.com,0602592155,Bubble Tea,1995-04-13,2024-10-01 00:00:00,silver,2024-12-30 12:00:00,1.0,29.0,4380.0
722,Felicity,F,Felicity.u@irismail.com,0981300697,Bubble Tea,1975-09-09,2024-10-01 12:45:00,silver,2024-12-27 15:32:00,4.0,34.0,5705.0
732,Rain,F,Rain.d@daffodilmail.com,0970314896,Bubble Tea,1986-04-15,2024-11-01 09:17:00,silver,2024-12-19 20:36:00,12.0,19.0,3665.0
736,Joe,M,Joe.e@rosemail.com,0972321071,Iced Latte,1986-10-21,2024-11-01 19:45:00,silver,2024-12-27 21:41:00,4.0,20.0,2955.0
740,Kao,M,Kao.f@sunflowermail.com,0951265898,Bubble Tea,1994-04-28,2024-12-02 10:05:00,silver,2024-12-29 19:56:00,2.0,3.0,585.0
741,Mim,F,Mim.b@carnationmail.com,0801307000,Americano,1974-10-24,2024-12-01 12:41:00,silver,2024-12-16 17:41:00,15.0,6.0,1020.0
745,Aye,F,Aye.b@lilymail.com,0892883884,Iced Americano,1987-06-16,2024-12-01 13:12:00,silver,2024-12-16 08:43:00,15.0,3.0,650.0
746,Bank,M,Bank.v@rosemail.com,0618333151,Iced Latte,1995-11-16,2024-12-01 17:46:00,silver,2024-12-23 18:05:00,8.0,8.0,1145.0
748,Dan,M,Dan.r@carnationmail.com,0615142086,Thai Tea,1981-09-21,2024-12-02 12:19:00,silver,2024-12-24 09:52:00,7.0,8.0,1110.0
749,Freckles,F,Freckles.t@dahlia.com,0631535697,Espresso,1985-02-28,2024-12-02 16:12:00,silver,2024-12-20 07:08:00,11.0,4.0,540.0
