member_id,recent_visit,recency,frequency,monetary,R_score,F_score,M_score,RFM_Score,Customer_Segment
1,2024-12-28 10:52:00,3,639,108955,4,1,1,411,Average Customers
2,2024-12-28 17:29:00,3,665,112175,4,1,1,411,Average Customers
3,2024-01-06 11:33:00,360,351,56820,1,1,1,111,Lost Customers
4,2024-05-03 10:01:00,242,542,86760,1,1,1,111,Lost Customers
5,2024-03-06 10:37:00,300,477,79160,1,1,1,111,Lost Customers
6,2024-12-13 15:51:00,18,585,99720,2,1,1,211,Lost Customers
7,2024-12-18 15:09:00,13,615,104930,2,1,1,211,Lost Customers
8,2024-12-31 13:30:00,0,627,99505,4,1,1,411,Average Customers
9,2024-07-01 16:58:00,183,589,105660,1,1,1,111,Lost Customers
10,2024-12-24 19:06:00,7,611,105280,3,1,1,311,Average Customers
11,2024-12-20 12:25:00,11,640,106050,2,1,1,211,Lost Customers
12,2024-12-24 07:43:00,7,656,106550,3,1,1,311,Average Customers
13,2024-12-17 10:38:00,14,621,104515,2,1,1,211,Lost Customers
14,2024-12-26 15:20:00,5,626,110165,4,1,1,411,Average Customers
15,2024-12-27 10:06:00,4,618,101740,4,1,1,411,Average Customers
16,2024-12-23 13:12:00,8,606,100975,3,1,1,311,Average Customers
17,2024-12-19 08:56:00,12,648,109905,2,1,1,211,Lost Customers
18,2024-12-26 09:47:00,5,616,101570,4,1,1,411,Average Customers
19,2024-12-27 18:56:00,4,398,68700,4,1,1,411,Average Customers
20,2024-07-01 12:39:00,183,325,50705,1,1,1,111,Lost Customers
21,2024-07-31 09:41:00,153,369,62795,1,1,1,111,Lost Customers
22,2024-09-27 21:27:00,95,375,64655,1,1,1,111,Lost Customers
23,2024-03-06 17:38:00,300,283,47975,1,1,1,111,Lost Customers
24,2024-07-01 08:13:00,183,358,60185,1,1,1,111,Lost Customers
25,2024-12-24 09:52:00,7,385,65915,3,1,1,311,Average Customers
26,2024-03-06 17:58:00,300,323,55775,1,1,1,111,Lost Customers
27,2024-08-02 16:27:00,151,392,69630,1,1,1,111,Lost Customers
28,2024-12-23 21:44:00,7,368,62330,3,1,1,311,Average Customers
29,2024-12-24 15:47:00,7,368,62705,3,1,1,311,Average Customers
30,2024-12-28 15:07:00,3,380,58355,4,1,1,411,Average Customers
31,2024-07-02 12:01:00,182,302,52340,1,1,1,111,Lost Customers
32,2024-07-03 14:49:00,181,371,61750,1,1,1,111,Lost Customers
33,2024-12-16 13:46:00,15,379,64095,2,1,1,211,Lost Customers
34,2024-12-17 14:04:00,14,390,68300,2,1,1,211,Lost Customers
35,2024-07-03 19:45:00,181,353,60195,1,1,1,111,Lost Customers
36,2024-04-05 11:43:00,270,336,58135,1,1,1,111,Lost Customers
37,2024-12-23 15:09:00,8,282,47720,3,1,1,311,Average Customers
38,2024-06-28 19:08:00,186,225,37560,1,1,1,111,Lost Customers
39,2024-12-23 07:17:00,8,275,44865,3,1,1,311,Average Customers
40,2024-12-24 10:46:00,7,306,48035,3,1,1,311,Average Customers
41,2024-12-29 09:18:00,2,310,47790,4,1,1,411,Average Customers
42,2024-12-24 08:02:00,7,297,49095,3,1,1,311,Average Customers
43,2024-12-23 15:20:00,8,309,54270,3,1,1,311,Average Customers
44,2024-12-17 16:14:00,14,286,44860,2,1,1,211,Lost Customers
45,2024-12-27 17:41:00,4,290,43100,4,1,1,411,Average Customers
46,2024-12-26 18:01:00,5,260,47855,4,1,1,411,Average Customers
47,2023-12-30 16:03:00,367,170,26355,1,2,2,122,Lost Customers
48,2024-12-24 09:00:00,7,273,43525,3,1,1,311,Average Customers
49,2024-12-30 11:03:00,1,274,46725,4,1,1,411,Average Customers
50,2024-12-27 12:42:00,4,279,53430,4,1,1,411,Average Customers
51,2024-07-04 18:07:00,180,208,33010,1,1,1,111,Lost Customers
52,2024-12-19 17:59:00,12,315,55700,2,1,1,211,Lost Customers
53,2024-07-03 17:23:00,181,237,43530,1,1,1,111,Lost Customers
54,2024-11-29 15:34:00,32,278,42530,2,1,1,211,Lost Customers
55,2024-12-24 13:53:00,7,279,44380,3,1,1,311,Average Customers
56,2024-12-14 12:34:00,17,304,52240,2,1,1,211,Lost Customers
57,2024-06-27 12:39:00,187,243,40975,1,1,1,111,Lost Customers
58,2024-12-31 11:08:00,0,302,45490,4,1,1,411,Average Customers
59,2024-06-28 08:16:00,186,242,37665,1,1,1,111,Lost Customers
60,2024-06-27 14:49:00,187,161,25760,1,2,2,122,Lost Customers
61,2024-12-21 15:14:00,10,228,37550,3,1,1,311,Average Customers
62,2024-12-23 09:02:00,8,228,39865,3,1,1,311,Average Customers
63,2024-07-04 11:15:00,180,160,30130,1,2,1,121,Lost Customers
64,2024-07-02 15:09:00,182,171,29840,1,2,2,122,Lost Customers
65,2024-12-20 18:16:00,11,244,40050,2,1,1,211,Lost Customers
66,2023-12-28 12:17:00,369,122,19500,1,2,2,122,Lost Customers
67,2024-12-27 14:26:00,4,213,36385,4,1,1,411,Average Customers
68,2023-12-17 10:49:00,380,132,21895,1,2,2,122,Lost Customers
69,2024-04-29 15:45:00,246,138,19165,1,2,2,122,Lost Customers
70,2024-12-23 10:01:00,8,219,36840,3,1,1,311,Average Customers
71,2024-12-21 10:05:00,10,203,35920,3,1,1,311,Average Customers
72,2024-12-23 18:56:00,8,225,37925,3,1,1,311,Average Customers
73,2024-12-31 12:10:00,0,199,32150,4,1,1,411,Average Customers
74,2024-06-28 14:29:00,186,154,25970,1,2,2,122,Lost Customers
75,2024-12-26 15:42:00,5,196,32065,4,1,1,411,Average Customers
76,2024-07-04 13:54:00,180,174,31395,1,2,1,121,Lost Customers
77,2024-06-01 15:26:00,213,138,21710,1,2,2,122,Lost Customers
78,2024-05-31 08:35:00,214,162,27075,1,2,2,122,Lost Customers
79,2024-06-01 19:19:00,213,156,25415,1,2,2,122,Lost Customers
80,2024-12-21 19:13:00,10,215,34580,3,1,1,311,Average Customers
81,2024-07-01 08:03:00,183,147,25345,1,2,2,122,Lost Customers
82,2024-12-28 09:58:00,3,171,30270,4,2,1,421,Average Customers
83,2024-12-27 17:12:00,4,193,32260,4,1,1,411,Average Customers
84,2024-12-27 15:15:00,4,158,23880,4,2,2,422,Average Customers
85,2024-12-23 12:49:00,8,181,31105,3,1,1,311,Average Customers
86,2024-12-17 18:24:00,14,175,31440,2,1,1,211,Lost Customers
87,2024-08-31 07:33:00,122,144,24385,1,2,2,122,Lost Customers
88,2023-12-28 12:35:00,369,118,18755,1,2,2,122,Lost Customers
89,2024-11-28 14:09:00,33,143,26105,1,2,2,122,Lost Customers
90,2024-12-16 16:37:00,15,165,28370,2,2,2,222,Lost Customers
91,2023-12-17 18:51:00,380,99,15540,1,2,2,122,Lost Customers
92,2024-12-23 19:43:00,8,188,29060,3,1,2,312,Average Customers
93,2024-12-22 12:18:00,9,195,33560,3,1,1,311,Average Customers
94,2024-12-27 11:28:00,4,174,30035,4,2,1,421,Average Customers
95,2024-12-16 17:32:00,15,190,30035,2,1,1,211,Lost Customers
96,2024-12-23 18:13:00,8,194,35590,3,1,1,311,Average Customers
97,2024-07-03 12:19:00,181,129,20485,1,2,2,122,Lost Customers
98,2024-06-30 15:52:00,184,128,19070,1,2,2,122,Lost Customers
99,2024-12-29 15:20:00,2,180,29420,4,1,2,412,Average Customers
100,2024-12-17 16:02:00,14,151,25930,2,2,2,222,Lost Customers
101,2024-06-28 09:57:00,186,122,20820,1,2,2,122,Lost Customers
102,2024-07-03 17:06:00,181,120,22610,1,2,2,122,Lost Customers
103,2024-12-17 07:55:00,14,156,27465,2,2,2,222,Lost Customers
104,2024-12-28 09:18:00,3,187,34270,4,1,1,411,Average Customers
105,2024-12-28 12:17:00,3,186,29980,4,1,1,411,Average Customers
106,2024-12-24 12:12:00,7,168,27780,3,2,2,322,Average Customers
107,2024-07-03 15:30:00,181,87,15040,1,3,3,133,Average Customers
108,2024-12-18 08:21:00,13,134,19675,2,2,2,222,Lost Customers
109,2024-12-16 15:36:00,15,131,24860,2,2,2,222,Lost Customers
110,2024-12-23 17:18:00,8,143,24510,3,2,2,322,Average Customers
111,2024-07-30 17:19:00,154,99,18440,1,2,2,122,Lost Customers
112,2024-12-30 13:54:00,1,160,29895,4,2,2,422,Average Customers
113,2024-07-01 17:12:00,183,93,16555,1,3,2,132,Average Customers
114,2024-12-24 12:44:00,7,147,21930,3,2,2,322,Average Customers
115,2024-09-30 18:38:00,92,116,19790,1,2,2,122,Lost Customers
116,2024-12-23 13:49:00,8,154,27705,3,2,2,322,Average Customers
117,2024-12-06 09:07:00,25,126,25275,2,2,2,222,Lost Customers
118,2024-07-04 16:19:00,180,99,13315,1,2,3,123,Average Customers
119,2024-12-24 10:54:00,7,131,20210,3,2,2,322,Average Customers
120,2024-12-22 13:40:00,9,155,24775,3,2,2,322,Average Customers
121,2024-12-28 14:11:00,3,153,24850,4,2,2,422,Average Customers
122,2024-12-24 20:19:00,7,150,25310,3,2,2,322,Average Customers
123,2024-12-23 17:02:00,8,149,25100,3,2,2,322,Average Customers
124,2024-12-24 19:51:00,7,124,23590,3,2,2,322,Average Customers
125,2024-06-25 15:54:00,189,114,20790,1,2,2,122,Lost Customers
126,2024-12-15 15:35:00,16,108,20790,2,2,2,222,Lost Customers
127,2024-12-10 15:25:00,21,115,18950,2,2,2,222,Lost Customers
128,2024-12-21 10:46:00,10,123,21055,3,2,2,322,Average Customers
129,2024-12-26 14:58:00,5,141,26635,4,2,2,422,Average Customers
130,2024-12-24 20:43:00,7,111,20445,3,2,2,322,Average Customers
131,2024-12-27 16:22:00,4,123,21695,4,2,2,422,Average Customers
132,2024-12-24 15:51:00,7,112,18150,3,2,2,322,Average Customers
133,2024-12-23 07:16:00,8,134,21320,3,2,2,322,Average Customers
134,2023-12-27 10:44:00,370,62,8365,1,3,3,133,Average Customers
135,2024-12-27 13:39:00,4,110,18720,4,2,2,422,Average Customers
136,2023-12-29 12:12:00,368,78,12330,1,3,3,133,Average Customers
137,2024-11-23 16:03:00,38,107,18240,1,2,2,122,Lost Customers
138,2024-12-07 17:29:00,24,123,21260,2,2,2,222,Lost Customers
139,2024-12-27 16:30:00,4,123,22890,4,2,2,422,Average Customers
140,2024-12-24 09:49:00,7,118,20540,3,2,2,322,Average Customers
141,2024-12-19 18:17:00,12,121,20140,2,2,2,222,Lost Customers
142,2024-12-24 18:31:00,7,129,22240,3,2,2,322,Average Customers
143,2024-12-21 13:27:00,10,121,18030,3,2,2,322,Average Customers
144,2023-12-29 13:48:00,368,75,12115,1,3,3,133,Average Customers
145,2024-12-20 18:11:00,11,118,17980,2,2,2,222,Lost Customers
146,2023-12-26 16:05:00,371,55,10535,1,3,3,133,Average Customers
147,2024-12-13 15:44:00,18,97,19230,2,2,2,222,Lost Customers
148,2024-12-28 09:05:00,3,114,18975,4,2,2,422,Average Customers
149,2023-12-25 11:43:00,372,60,9860,1,3,3,133,Average Customers
150,2024-12-13 16:55:00,18,97,14690,2,2,3,223,Average Customers
151,2023-12-20 17:22:00,377,50,6885,1,3,4,134,Average Customers
152,2024-12-24 15:51:00,7,95,14195,3,2,3,323,Lost Big Spenders
153,2023-12-28 17:04:00,369,55,9440,1,3,3,133,Average Customers
154,2024-12-24 09:04:00,7,100,18505,3,2,2,322,Average Customers
155,2024-12-23 08:43:00,8,108,19040,3,2,2,322,Average Customers
156,2024-12-13 19:00:00,18,107,19675,2,2,2,222,Lost Customers
157,2023-12-28 08:36:00,369,80,13895,1,3,3,133,Average Customers
158,2024-12-25 09:26:00,6,99,14795,4,2,3,423,Lost Big Spenders
159,2024-12-26 16:20:00,5,116,18095,4,2,2,422,Average Customers
160,2024-10-29 10:29:00,63,85,13870,1,3,3,133,Average Customers
161,2024-10-28 09:49:00,64,84,12625,1,3,3,133,Average Customers
162,2023-12-28 14:44:00,369,43,7910,1,4,3,143,Average Customers
163,2024-12-29 13:15:00,2,84,14425,4,3,3,433,Loyal Customers
164,2023-12-28 16:37:00,369,51,8740,1,3,3,133,Average Customers
165,2023-12-30 07:21:00,367,47,8415,1,3,3,133,Average Customers
166,2024-12-24 17:39:00,7,77,12380,3,3,3,333,Loyal Customers
167,2024-12-09 16:18:00,22,66,11535,2,3,3,233,Average Customers
168,2024-12-23 15:46:00,8,69,10170,3,3,3,333,Loyal Customers
169,2024-12-27 21:01:00,4,86,15280,4,3,3,433,Loyal Customers
170,2023-12-30 15:09:00,367,47,8765,1,3,3,133,Average Customers
171,2024-12-27 18:04:00,4,71,12475,4,3,3,433,Loyal Customers
172,2024-12-25 09:31:00,6,80,12800,4,3,3,433,Loyal Customers
173,2023-12-30 13:05:00,367,40,7030,1,4,4,144,Average Customers
174,2024-12-24 08:11:00,7,84,12680,3,3,3,333,Loyal Customers
175,2024-12-16 12:43:00,15,67,12545,2,3,3,233,Average Customers
176,2024-12-23 12:07:00,8,85,12970,3,3,3,333,Loyal Customers
177,2024-12-21 16:42:00,10,75,11690,3,3,3,333,Loyal Customers
178,2024-12-19 15:32:00,12,77,11760,2,3,3,233,Average Customers
179,2024-12-23 14:44:00,8,80,11805,3,3,3,333,Loyal Customers
180,2024-12-20 19:57:00,11,90,13265,2,3,3,233,Average Customers
181,2024-12-26 08:30:00,5,83,12655,4,3,3,433,Loyal Customers
182,2024-12-17 15:31:00,14,71,11425,2,3,3,233,Average Customers
183,2024-12-20 14:21:00,11,51,8240,2,3,3,233,Average Customers
184,2024-12-20 09:50:00,11,44,7695,2,4,3,243,Average Customers
185,2024-12-17 13:12:00,14,69,9480,2,3,3,233,Average Customers
186,2024-12-24 15:20:00,7,58,10320,3,3,3,333,Loyal Customers
187,2024-12-27 20:08:00,4,58,10350,4,3,3,433,Loyal Customers
188,2024-12-20 08:21:00,11,65,12900,2,3,3,233,Average Customers
189,2024-12-21 17:55:00,10,64,11440,3,3,3,333,Loyal Customers
190,2024-12-23 08:28:00,8,69,9920,3,3,3,333,Loyal Customers
191,2024-12-31 14:48:00,0,57,9985,4,3,3,433,Loyal Customers
192,2024-12-29 08:36:00,2,54,10460,4,3,3,433,Loyal Customers
193,2024-12-20 18:11:00,11,55,9025,2,3,3,233,Average Customers
194,2024-12-24 14:40:00,7,44,8095,3,4,3,343,Loyal Customers
195,2023-12-30 10:03:00,367,37,6755,1,4,4,144,Average Customers
196,2024-12-23 10:12:00,8,54,7195,3,3,4,334,Loyal Customers
197,2024-12-20 14:25:00,11,44,7435,2,4,4,244,Average Customers
198,2024-12-21 07:40:00,10,65,9315,3,3,3,333,Loyal Customers
199,2024-12-21 09:57:00,10,53,8745,3,3,3,333,Loyal Customers
200,2024-12-20 16:15:00,11,52,8945,2,3,3,233,Average Customers
201,2024-12-21 08:55:00,10,34,5815,3,4,4,344,Loyal Customers
202,2024-12-13 16:16:00,18,26,4950,2,4,4,244,Average Customers
203,2024-12-17 11:35:00,14,22,5115,2,4,4,244,Average Customers
204,2024-12-27 11:05:00,4,43,7525,4,4,4,444,Champions
205,2024-12-24 19:24:00,7,32,4665,3,4,4,344,Loyal Customers
206,2023-12-28 09:01:00,369,19,3945,1,4,4,144,Average Customers
207,2024-12-29 12:03:00,2,44,6435,4,4,4,444,Champions
208,2024-12-19 07:12:00,12,27,3535,2,4,4,244,Average Customers
209,2024-12-24 15:40:00,7,35,5810,3,4,4,344,Loyal Customers
210,2024-12-24 12:47:00,7,28,3955,3,4,4,344,Loyal Customers
211,2024-12-15 15:53:00,16,25,3320,2,4,4,244,Average Customers
212,2024-12-27 12:52:00,4,35,5660,4,4,4,444,Champions
213,2024-12-23 18:10:00,8,37,5545,3,4,4,344,Loyal Customers
214,2024-12-20 12:13:00,11,31,6295,2,4,4,244,Average Customers
215,2023-12-26 19:54:00,371,20,3475,1,4,4,144,Average Customers
216,2024-12-19 19:03:00,12,30,4825,2,4,4,244,Average Customers
217,2024-12-21 16:58:00,10,29,4815,3,4,4,344,Loyal Customers
218,2023-12-30 11:11:00,367,23,2920,1,4,4,144,Average Customers
219,2024-12-20 08:53:00,11,36,6235,2,4,4,244,Average Customers
220,2024-12-23 16:52:00,8,33,4870,3,4,4,344,Loyal Customers
221,2024-12-24 15:10:00,7,35,5930,3,4,4,344,Loyal Customers
222,2024-12-22 15:33:00,9,34,5605,3,4,4,344,Loyal Customers
223,2024-12-24 19:19:00,7,31,5960,3,4,4,344,Loyal Customers
224,2024-12-30 15:19:00,1,31,4180,4,4,4,444,Champions
225,2024-12-23 15:04:00,8,17,2250,3,4,4,344,Loyal Customers
226,2024-12-28 12:17:00,3,8,1035,4,4,4,444,Champions
227,2024-12-23 14:55:00,8,12,1250,3,4,4,344,Loyal Customers
228,2024-12-16 16:26:00,15,23,3475,2,4,4,244,Average Customers
229,2024-12-31 13:56:00,0,17,3040,4,4,4,444,Champions
230,2024-12-24 15:46:00,7,13,1875,3,4,4,344,Loyal Customers
231,2024-12-21 13:29:00,10,17,3370,3,4,4,344,Loyal Customers
232,2024-12-24 15:01:00,7,15,2325,3,4,4,344,Loyal Customers
233,2024-12-13 11:29:00,18,12,2620,2,4,4,244,Average Customers
234,2024-12-23 17:31:00,8,24,4620,3,4,4,344,Loyal Customers
235,2024-12-31 18:55:00,0,19,3070,4,4,4,444,Champions
236,2024-12-28 18:41:00,3,16,2420,4,4,4,444,Champions
237,2024-12-24 10:23:00,7,15,2920,3,4,4,344,Loyal Customers
238,2024-12-21 15:16:00,10,12,2515,3,4,4,344,Loyal Customers
239,2024-12-24 19:07:00,7,16,2890,3,4,4,344,Loyal Customers
240,2024-12-20 14:58:00,11,11,1265,2,4,4,244,Average Customers
241,2024-12-27 12:19:00,4,9,950,4,4,4,444,Champions
242,2024-12-23 15:45:00,8,617,107840,3,1,1,311,Average Customers
243,2024-12-23 19:18:00,8,602,98735,3,1,1,311,Average Customers
244,2024-12-16 08:46:00,15,682,119715,2,1,1,211,Lost Customers
245,2024-07-02 17:33:00,182,549,93605,1,1,1,111,Lost Customers
246,2024-12-26 19:09:00,5,589,94755,4,1,1,411,Average Customers
247,2024-12-19 18:03:00,12,626,106070,2,1,1,211,Lost Customers
248,2024-06-28 16:38:00,186,600,96385,1,1,1,111,Lost Customers
249,2024-12-27 17:30:00,4,590,98570,4,1,1,411,Average Customers
250,2024-07-03 15:18:00,181,565,99000,1,1,1,111,Lost Customers
251,2024-04-05 15:12:00,270,532,92360,1,1,1,111,Lost Customers
252,2024-06-27 10:09:00,187,560,88740,1,1,1,111,Lost Customers
253,2024-08-01 14:04:00,152,570,93220,1,1,1,111,Lost Customers
254,2024-07-01 15:14:00,183,564,101095,1,1,1,111,Lost Customers
255,2024-12-31 11:13:00,0,643,108460,4,1,1,411,Average Customers
256,2024-12-16 11:22:00,15,658,113195,2,1,1,211,Lost Customers
257,2024-12-24 16:13:00,7,657,115320,3,1,1,311,Average Customers
258,2024-12-28 09:26:00,3,573,96570,4,1,1,411,Average Customers
259,2024-07-04 15:42:00,180,542,90985,1,1,1,111,Lost Customers
260,2024-12-27 07:35:00,4,635,104855,4,1,1,411,Average Customers
261,2024-03-06 17:36:00,300,482,82240,1,1,1,111,Lost Customers
262,2024-02-05 12:48:00,330,453,73850,1,1,1,111,Lost Customers
263,2024-12-27 14:55:00,4,596,99800,4,1,1,411,Average Customers
264,2024-03-06 15:29:00,300,525,81405,1,1,1,111,Lost Customers
265,2024-12-19 12:11:00,12,360,56680,2,1,1,211,Lost Customers
266,2024-07-03 15:12:00,181,389,62005,1,1,1,111,Lost Customers
267,2024-05-03 15:37:00,242,314,50225,1,1,1,111,Lost Customers
268,2024-12-20 19:02:00,11,370,62320,2,1,1,211,Lost Customers
269,2024-02-05 08:26:00,330,211,39770,1,1,1,111,Lost Customers
270,2024-12-04 18:14:00,27,375,63175,2,1,1,211,Lost Customers
271,2024-07-27 12:22:00,157,398,70315,1,1,1,111,Lost Customers
272,2024-03-06 07:22:00,300,291,43720,1,1,1,111,Lost Customers
273,2024-04-05 09:06:00,270,325,52575,1,1,1,111,Lost Customers
274,2024-06-03 10:21:00,211,315,50125,1,1,1,111,Lost Customers
275,2024-12-24 17:35:00,7,397,66335,3,1,1,311,Average Customers
276,2024-12-15 11:02:00,16,390,65635,2,1,1,211,Lost Customers
277,2024-12-27 09:54:00,4,360,60125,4,1,1,411,Average Customers
278,2024-12-27 19:31:00,4,439,74210,4,1,1,411,Average Customers
279,2024-12-27 10:50:00,4,408,70090,4,1,1,411,Average Customers
280,2024-12-20 12:28:00,11,416,74175,2,1,1,211,Lost Customers
281,2024-04-03 18:08:00,272,314,53345,1,1,1,111,Lost Customers
282,2024-06-04 16:39:00,210,370,63495,1,1,1,111,Lost Customers
283,2024-12-19 15:40:00,12,268,47685,2,1,1,211,Lost Customers
284,2024-12-19 19:55:00,12,281,48825,2,1,1,211,Lost Customers
285,2024-12-25 11:20:00,6,320,50725,4,1,1,411,Average Customers
286,2024-12-24 12:36:00,7,311,57425,3,1,1,311,Average Customers
287,2023-12-30 17:04:00,367,157,26580,1,2,2,122,Lost Customers
288,2024-12-29 13:06:00,2,262,45795,4,1,1,411,Average Customers
289,2024-12-19 17:27:00,12,288,45845,2,1,1,211,Lost Customers
290,2024-12-28 18:52:00,3,290,50820,4,1,1,411,Average Customers
291,2024-12-24 09:34:00,7,304,53635,3,1,1,311,Average Customers
292,2024-12-25 16:15:00,6,282,45685,4,1,1,411,Average Customers
293,2024-12-30 14:43:00,1,330,49380,4,1,1,411,Average Customers
294,2024-12-27 18:46:00,4,300,44270,4,1,1,411,Average Customers
295,2024-05-30 12:00:00,215,225,40105,1,1,1,111,Lost Customers
296,2024-10-01 15:22:00,91,259,44790,1,1,1,111,Lost Customers
297,2024-12-30 15:53:00,1,293,49935,4,1,1,411,Average Customers
298,2024-12-12 19:45:00,19,306,49335,2,1,1,211,Lost Customers
299,2024-12-09 18:55:00,22,274,46550,2,1,1,211,Lost Customers
300,2024-12-25 11:37:00,6,295,51140,4,1,1,411,Average Customers
301,2024-12-24 15:26:00,7,307,48640,3,1,1,311,Average Customers
302,2024-12-18 16:43:00,13,316,53350,2,1,1,211,Lost Customers
303,2024-12-20 17:45:00,11,297,44785,2,1,1,211,Lost Customers
304,2024-12-03 09:23:00,28,315,52520,2,1,1,211,Lost Customers
305,2024-06-22 18:52:00,192,223,33810,1,1,1,111,Lost Customers
306,2024-07-04 16:46:00,180,169,27845,1,2,2,122,Lost Customers
307,2024-07-04 12:27:00,180,153,27360,1,2,2,122,Lost Customers
308,2024-12-16 12:01:00,15,191,35105,2,1,1,211,Lost Customers
309,2024-12-12 21:05:00,19,231,38340,2,1,1,211,Lost Customers
310,2024-05-03 17:58:00,242,143,23390,1,2,2,122,Lost Customers
311,2024-12-21 09:44:00,10,208,32350,3,1,1,311,Average Customers
312,2024-12-27 17:11:00,4,227,38225,4,1,1,411,Average Customers
313,2024-12-27 17:27:00,4,223,41535,4,1,1,411,Average Customers
314,2024-12-19 13:40:00,12,227,38765,2,1,1,211,Lost Customers
315,2024-12-24 09:53:00,7,220,39020,3,1,1,311,Average Customers
316,2024-12-11 12:06:00,20,187,30195,2,1,1,211,Lost Customers
317,2024-04-05 19:19:00,270,133,23680,1,2,2,122,Lost Customers
318,2024-07-03 10:10:00,181,160,25045,1,2,2,122,Lost Customers
319,2024-12-25 18:41:00,6,233,39280,4,1,1,411,Average Customers
320,2024-12-23 08:14:00,8,195,32035,3,1,1,311,Average Customers
321,2024-12-27 11:22:00,4,204,38235,4,1,1,411,Average Customers
322,2024-12-27 12:11:00,4,240,39425,4,1,1,411,Average Customers
323,2024-12-23 12:31:00,8,191,29945,3,1,2,312,Average Customers
324,2024-12-23 18:17:00,8,178,27235,3,1,2,312,Average Customers
325,2024-12-16 21:42:00,14,213,35865,2,1,1,211,Lost Customers
326,2024-07-04 17:58:00,180,109,17420,1,2,2,122,Lost Customers
327,2024-05-02 07:36:00,243,94,14970,1,2,3,123,Average Customers
328,2024-12-24 09:15:00,7,180,29465,3,1,2,312,Average Customers
329,2024-12-30 14:57:00,1,180,31820,4,1,1,411,Average Customers
330,2024-12-07 16:08:00,24,162,29655,2,2,2,222,Lost Customers
331,2024-07-04 12:39:00,180,127,21800,1,2,2,122,Lost Customers
332,2024-12-27 17:40:00,4,178,34555,4,1,1,411,Average Customers
333,2024-12-20 12:39:00,11,167,31205,2,2,1,221,Lost Customers
334,2024-06-29 13:25:00,185,141,23205,1,2,2,122,Lost Customers
335,2024-12-24 06:00:00,7,152,25695,3,2,2,322,Average Customers
336,2024-12-25 08:01:00,6,180,27705,4,1,2,412,Average Customers
337,2024-12-23 12:02:00,8,151,23850,3,2,2,322,Average Customers
338,2024-12-31 20:10:00,0,183,31490,4,1,1,411,Average Customers
339,2024-12-27 08:58:00,4,167,28645,4,2,2,422,Average Customers
340,2024-12-25 10:25:00,6,193,31380,4,1,1,411,Average Customers
341,2024-05-04 12:14:00,241,101,13775,1,2,3,123,Average Customers
342,2024-12-13 18:26:00,18,174,28290,2,2,2,222,Lost Customers
343,2024-07-04 17:57:00,180,133,23360,1,2,2,122,Lost Customers
344,2024-12-19 13:32:00,12,162,24110,2,2,2,222,Lost Customers
345,2024-12-27 16:31:00,4,178,30295,4,1,1,411,Average Customers
346,2024-12-30 18:00:00,1,171,27585,4,2,2,422,Average Customers
347,2024-12-19 09:15:00,12,173,28765,2,2,2,222,Lost Customers
348,2023-12-19 18:29:00,378,98,18010,1,2,2,122,Lost Customers
349,2024-12-31 16:39:00,0,168,32480,4,2,1,421,Average Customers
350,2024-11-30 13:06:00,31,144,23775,2,2,2,222,Lost Customers
351,2024-07-03 13:33:00,181,94,15110,1,2,3,123,Average Customers
352,2024-12-24 13:03:00,7,135,22025,3,2,2,322,Average Customers
353,2024-12-28 15:20:00,3,145,23095,4,2,2,422,Average Customers
354,2024-12-26 15:00:00,5,145,24735,4,2,2,422,Average Customers
355,2024-07-01 10:05:00,183,96,14360,1,2,3,123,Average Customers
356,2024-12-23 14:23:00,8,140,23295,3,2,2,322,Average Customers
357,2024-12-30 10:31:00,1,148,23055,4,2,2,422,Average Customers
358,2024-06-30 12:29:00,184,86,14190,1,3,3,133,Average Customers
359,2024-12-20 16:19:00,11,146,23190,2,2,2,222,Lost Customers
360,2024-12-23 19:08:00,8,150,23705,3,2,2,322,Average Customers
361,2024-07-01 15:19:00,183,98,15515,1,2,2,122,Lost Customers
362,2024-12-29 14:15:00,2,135,19450,4,2,2,422,Average Customers
363,2024-12-01 09:15:00,30,137,20955,2,2,2,222,Lost Customers
364,2024-07-04 20:46:00,180,80,11645,1,3,3,133,Average Customers
365,2024-12-27 15:23:00,4,167,26340,4,2,2,422,Average Customers
366,2024-12-19 19:19:00,12,164,27230,2,2,2,222,Lost Customers
367,2024-12-26 19:18:00,5,137,20665,4,2,2,422,Average Customers
368,2024-12-18 15:46:00,13,157,26740,2,2,2,222,Lost Customers
369,2024-12-30 16:35:00,1,127,20775,4,2,2,422,Average Customers
370,2024-12-14 19:32:00,17,132,23415,2,2,2,222,Lost Customers
371,2024-12-29 09:25:00,2,139,23830,4,2,2,422,Average Customers
372,2024-07-03 14:27:00,181,82,13085,1,3,3,133,Average Customers
373,2024-12-29 16:24:00,2,135,24050,4,2,2,422,Average Customers
374,2024-12-26 18:33:00,5,140,25375,4,2,2,422,Average Customers
375,2023-12-28 13:23:00,369,61,8950,1,3,3,133,Average Customers
376,2024-07-04 08:04:00,180,69,10590,1,3,3,133,Average Customers
377,2024-12-27 09:01:00,4,109,18770,4,2,2,422,Average Customers
378,2024-12-23 12:11:00,8,126,21835,3,2,2,322,Average Customers
379,2023-12-25 17:58:00,372,61,10095,1,3,3,133,Average Customers
380,2024-07-03 15:14:00,181,74,12040,1,3,3,133,Average Customers
381,2024-12-24 15:30:00,7,119,22310,3,2,2,322,Average Customers
382,2024-07-02 08:42:00,182,64,10760,1,3,3,133,Average Customers
383,2024-07-04 18:57:00,180,75,12600,1,3,3,133,Average Customers
384,2024-11-25 08:16:00,36,95,14945,1,2,3,123,Average Customers
385,2024-12-27 07:19:00,4,126,22595,4,2,2,422,Average Customers
386,2024-12-16 12:31:00,15,135,21995,2,2,2,222,Lost Customers
387,2024-12-31 12:24:00,0,127,18290,4,2,2,422,Average Customers
388,2024-11-12 16:52:00,49,117,20285,1,2,2,122,Lost Customers
389,2024-12-28 10:55:00,3,125,22080,4,2,2,422,Average Customers
390,2024-12-23 15:56:00,8,115,18970,3,2,2,322,Average Customers
391,2024-12-29 18:35:00,2,132,19825,4,2,2,422,Average Customers
392,2024-12-24 08:07:00,7,107,16310,3,2,2,322,Average Customers
393,2024-12-27 12:48:00,4,102,17490,4,2,2,422,Average Customers
394,2024-12-20 12:20:00,11,114,17215,2,2,2,222,Lost Customers
395,2024-12-17 19:25:00,14,112,20750,2,2,2,222,Lost Customers
396,2023-12-25 15:48:00,372,60,10610,1,3,3,133,Average Customers
397,2024-12-24 19:25:00,7,93,13730,3,3,3,333,Loyal Customers
398,2024-12-17 15:18:00,14,121,17305,2,2,2,222,Lost Customers
399,2024-12-23 18:51:00,8,95,16010,3,2,2,322,Average Customers
400,2024-12-26 10:43:00,5,115,21190,4,2,2,422,Average Customers
401,2023-12-21 10:33:00,376,55,9185,1,3,3,133,Average Customers
402,2024-10-25 12:15:00,67,82,12655,1,3,3,133,Average Customers
403,2024-12-15 13:24:00,16,130,20710,2,2,2,222,Lost Customers
404,2024-12-25 18:25:00,6,94,16540,4,2,2,422,Average Customers
405,2023-12-22 12:21:00,375,62,11475,1,3,3,133,Average Customers
406,2023-12-30 09:15:00,367,50,10500,1,3,3,133,Average Customers
407,2024-12-23 15:01:00,8,109,17260,3,2,2,322,Average Customers
408,2024-12-23 13:11:00,8,116,17350,3,2,2,322,Average Customers
409,2023-12-25 15:25:00,372,55,7285,1,3,4,134,Average Customers
410,2023-12-25 09:37:00,372,66,11195,1,3,3,133,Average Customers
411,2024-12-16 10:28:00,15,102,17470,2,2,2,222,Lost Customers
412,2024-11-28 16:32:00,33,99,15635,1,2,2,122,Lost Customers
413,2024-12-16 13:18:00,15,114,18285,2,2,2,222,Lost Customers
414,2024-12-28 08:36:00,3,107,14020,4,2,3,423,Lost Big Spenders
415,2024-12-27 18:28:00,4,89,15775,4,3,2,432,Average Customers
416,2024-12-31 13:39:00,0,80,12845,4,3,3,433,Loyal Customers
417,2024-12-28 15:04:00,3,83,12550,4,3,3,433,Loyal Customers
418,2024-12-28 17:46:00,3,76,11760,4,3,3,433,Loyal Customers
419,2024-12-24 13:12:00,7,87,13225,3,3,3,333,Loyal Customers
420,2024-12-12 15:05:00,19,66,11060,2,3,3,233,Average Customers
421,2023-12-28 21:16:00,369,53,8430,1,3,3,133,Average Customers
422,2024-12-20 18:58:00,11,68,10125,2,3,3,233,Average Customers
423,2024-12-20 15:34:00,11,76,11505,2,3,3,233,Average Customers
424,2024-12-30 14:34:00,1,90,15900,4,3,2,432,Average Customers
425,2024-12-19 12:54:00,12,86,14710,2,3,3,233,Average Customers
426,2024-12-13 14:57:00,18,68,11860,2,3,3,233,Average Customers
427,2024-12-22 11:15:00,9,74,12570,3,3,3,333,Loyal Customers
428,2024-12-23 10:39:00,8,75,12415,3,3,3,333,Loyal Customers
429,2024-09-16 08:21:00,106,55,8985,1,3,3,133,Average Customers
430,2024-12-24 14:10:00,7,81,14470,3,3,3,333,Loyal Customers
431,2024-12-16 07:07:00,15,81,11455,2,3,3,233,Average Customers
432,2024-12-24 12:02:00,7,67,10100,3,3,3,333,Loyal Customers
433,2024-10-02 13:10:00,90,64,10325,1,3,3,133,Average Customers
434,2024-12-25 10:29:00,6,78,11695,4,3,3,433,Loyal Customers
435,2023-12-30 08:15:00,367,46,8135,1,4,3,143,Average Customers
436,2024-12-20 14:42:00,11,88,14410,2,3,3,233,Average Customers
437,2024-12-23 15:59:00,8,81,11725,3,3,3,333,Loyal Customers
438,2024-12-24 18:04:00,7,75,13050,3,3,3,333,Loyal Customers
439,2024-12-17 15:59:00,14,82,14090,2,3,3,233,Average Customers
440,2024-12-29 15:26:00,2,50,10125,4,3,3,433,Loyal Customers
441,2024-12-24 16:04:00,7,51,7940,3,3,3,333,Loyal Customers
442,2023-12-23 13:06:00,374,27,3965,1,4,4,144,Average Customers
443,2024-12-27 07:46:00,4,64,10260,4,3,3,433,Loyal Customers
444,2024-12-19 19:52:00,12,50,7995,2,3,3,233,Average Customers
445,2024-12-20 09:01:00,11,66,11540,2,3,3,233,Average Customers
446,2024-12-27 17:24:00,4,60,9875,4,3,3,433,Loyal Customers
447,2024-12-16 16:12:00,15,59,9310,2,3,3,233,Average Customers
448,2024-12-09 15:12:00,22,46,5450,2,4,4,244,Average Customers
449,2024-12-22 09:15:00,9,48,6705,3,3,4,334,Loyal Customers
450,2024-11-27 08:31:00,34,51,9745,1,3,3,133,Average Customers
451,2024-12-26 11:29:00,5,63,9160,4,3,3,433,Loyal Customers
452,2024-12-31 12:55:00,0,67,10845,4,3,3,433,Loyal Customers
453,2024-12-06 18:14:00,25,30,4715,2,4,4,244,Average Customers
454,2024-12-27 13:00:00,4,69,11900,4,3,3,433,Loyal Customers
455,2024-12-23 10:27:00,8,50,7420,3,3,4,334,Loyal Customers
456,2024-12-16 15:00:00,15,38,5370,2,4,4,244,Average Customers
457,2024-12-23 16:17:00,8,46,8670,3,4,3,343,Loyal Customers
458,2023-12-26 08:25:00,371,31,6140,1,4,4,144,Average Customers
459,2024-12-30 10:08:00,1,57,11385,4,3,3,433,Loyal Customers
460,2024-12-13 21:22:00,18,58,10920,2,3,3,233,Average Customers
461,2024-12-22 10:17:00,9,60,10185,3,3,3,333,Loyal Customers
462,2024-12-23 17:20:00,8,53,9615,3,3,3,333,Loyal Customers
463,2024-12-25 17:23:00,6,51,7590,4,3,4,434,Loyal Customers
464,2024-12-24 12:08:00,7,50,8285,3,3,3,333,Loyal Customers
465,2024-12-23 13:13:00,8,51,9220,3,3,3,333,Loyal Customers
466,2024-12-23 09:04:00,8,49,9625,3,3,3,333,Loyal Customers
467,2024-12-09 10:04:00,22,57,8365,2,3,3,233,Average Customers
468,2024-12-20 16:48:00,11,60,9250,2,3,3,233,Average Customers
469,2024-12-23 17:12:00,8,55,9115,3,3,3,333,Loyal Customers
470,2024-12-23 15:35:00,8,66,11350,3,3,3,333,Loyal Customers
471,2024-12-24 10:13:00,7,48,8055,3,3,3,333,Loyal Customers
472,2024-12-22 11:02:00,9,28,5235,3,4,4,344,Loyal Customers
473,2024-12-24 17:03:00,7,31,5410,3,4,4,344,Loyal Customers
474,2023-12-23 18:47:00,374,20,3520,1,4,4,144,Average Customers
475,2024-12-22 09:40:00,9,31,4610,3,4,4,344,Loyal Customers
476,2024-12-27 09:49:00,4,31,4990,4,4,4,444,Champions
477,2024-12-16 13:19:00,15,31,4355,2,4,4,244,Average Customers
478,2024-12-24 12:19:00,7,28,5680,3,4,4,344,Loyal Customers
479,2024-12-19 15:55:00,12,33,5940,2,4,4,244,Average Customers
480,2024-12-31 19:27:00,0,45,9265,4,4,3,443,Loyal Customers
481,2024-12-17 09:20:00,14,33,5590,2,4,4,244,Average Customers
482,2023-12-29 13:20:00,368,18,2735,1,4,4,144,Average Customers
483,2024-12-28 10:29:00,3,34,4700,4,4,4,444,Champions
484,2023-12-28 10:46:00,369,21,2620,1,4,4,144,Average Customers
485,2024-12-27 06:04:00,4,26,2890,4,4,4,444,Champions
486,2024-12-24 08:42:00,7,35,5965,3,4,4,344,Loyal Customers
487,2024-12-17 19:55:00,14,34,5010,2,4,4,244,Average Customers
488,2024-12-20 17:54:00,11,32,4775,2,4,4,244,Average Customers
489,2024-12-23 12:44:00,8,31,5240,3,4,4,344,Loyal Customers
490,2024-12-13 16:06:00,18,27,4100,2,4,4,244,Average Customers
491,2024-12-24 18:18:00,7,33,5615,3,4,4,344,Loyal Customers
492,2024-12-23 15:01:00,8,15,3165,3,4,4,344,Loyal Customers
493,2024-12-26 16:10:00,5,10,1355,4,4,4,444,Champions
494,2024-12-28 12:43:00,3,13,1810,4,4,4,444,Champions
495,2024-12-17 08:07:00,14,14,2175,2,4,4,244,Average Customers
496,2024-12-30 15:15:00,1,15,1925,4,4,4,444,Champions
497,2024-12-16 15:05:00,15,12,1655,2,4,4,244,Average Customers
498,2024-12-24 19:03:00,7,16,1960,3,4,4,344,Loyal Customers
499,2024-12-18 17:34:00,13,18,3145,2,4,4,244,Average Customers
500,2024-12-18 06:53:00,13,14,2105,2,4,4,244,Average Customers
501,2023-12-27 18:35:00,370,9,2225,1,4,4,144,Average Customers
502,2024-12-26 17:49:00,5,9,2195,4,4,4,444,Champions
503,2024-12-27 12:06:00,4,19,2595,4,4,4,444,Champions
504,2024-12-21 15:42:00,10,9,1115,3,4,4,344,Loyal Customers
505,2024-12-13 09:10:00,18,16,2440,2,4,4,244,Average Customers
506,2024-12-03 15:51:00,28,13,2460,2,4,4,244,Average Customers
507,2024-12-26 16:27:00,5,4,340,4,4,4,444,Champions
508,2024-12-21 12:47:00,10,19,3230,3,4,4,344,Loyal Customers
509,2024-12-25 09:42:00,6,13,2210,4,4,4,444,Champions
510,2024-12-09 16:39:00,22,10,1450,2,4,4,244,Average Customers
511,2024-12-29 17:10:00,2,253,46700,4,1,1,411,Average Customers
512,2024-10-29 15:28:00,63,279,44990,1,1,1,111,Lost Customers
513,2024-02-05 15:54:00,330,119,19560,1,2,2,122,Lost Customers
514,2024-04-05 15:49:00,270,172,28325,1,2,2,122,Lost Customers
515,2024-08-02 09:04:00,151,226,37195,1,1,1,111,Lost Customers
516,2024-12-20 14:57:00,11,242,40550,2,1,1,211,Lost Customers
517,2024-12-16 16:25:00,15,278,49335,2,1,1,211,Lost Customers
518,2024-08-02 11:37:00,151,205,33840,1,1,1,111,Lost Customers
519,2024-12-26 18:59:00,5,268,47620,4,1,1,411,Average Customers
520,2024-12-27 17:28:00,4,303,49180,4,1,1,411,Average Customers
521,2024-09-26 11:29:00,96,277,46690,1,1,1,111,Lost Customers
522,2024-12-24 19:36:00,7,283,47865,3,1,1,311,Average Customers
523,2024-07-04 12:32:00,180,227,40250,1,1,1,111,Lost Customers
524,2024-12-23 13:57:00,8,255,44120,3,1,1,311,Average Customers
525,2024-02-05 12:48:00,330,92,20345,1,3,2,132,Average Customers
526,2024-12-24 11:52:00,7,273,47140,3,1,1,311,Average Customers
527,2024-12-26 16:53:00,5,245,43455,4,1,1,411,Average Customers
528,2024-12-28 18:23:00,3,266,43500,4,1,1,411,Average Customers
529,2024-07-01 09:48:00,183,211,36225,1,1,1,111,Lost Customers
530,2024-06-27 11:57:00,187,222,42685,1,1,1,111,Lost Customers
531,2024-12-30 14:33:00,1,177,30130,4,1,1,411,Average Customers
532,2024-12-25 21:11:00,6,184,34660,4,1,1,411,Average Customers
533,2024-02-05 15:54:00,330,6,590,1,4,4,144,Average Customers
534,2024-05-03 15:08:00,242,105,18045,1,2,2,122,Lost Customers
535,2024-12-29 14:24:00,2,168,27950,4,2,2,422,Average Customers
536,2024-06-29 15:27:00,185,109,21440,1,2,2,122,Lost Customers
537,2024-12-18 21:48:00,12,176,32040,2,1,1,211,Lost Customers
538,2024-12-26 16:13:00,5,173,28735,4,2,2,422,Average Customers
539,2024-07-03 15:03:00,181,135,23050,1,2,2,122,Lost Customers
540,2024-12-16 11:52:00,15,161,25445,2,2,2,222,Lost Customers
541,2024-07-03 10:39:00,181,124,20930,1,2,2,122,Lost Customers
542,2024-07-02 16:59:00,182,110,17215,1,2,2,122,Lost Customers
543,2024-12-20 12:53:00,11,163,32125,2,2,1,221,Lost Customers
544,2024-08-29 13:21:00,124,149,26430,1,2,2,122,Lost Customers
545,2024-12-22 10:36:00,9,148,26655,3,2,2,322,Average Customers
546,2024-12-19 19:41:00,12,167,26220,2,2,2,222,Lost Customers
547,2024-12-27 19:34:00,4,162,27910,4,2,2,422,Average Customers
548,2024-12-31 09:33:00,0,125,20355,4,2,2,422,Average Customers
549,2024-12-27 10:55:00,4,111,21775,4,2,2,422,Average Customers
550,2024-08-29 13:50:00,124,92,15500,1,3,2,132,Average Customers
551,2024-03-05 17:51:00,301,7,780,1,4,4,144,Average Customers
552,2024-07-03 08:06:00,181,67,9585,1,3,3,133,Average Customers
553,2024-12-16 15:39:00,15,123,21905,2,2,2,222,Lost Customers
554,2024-12-24 16:28:00,7,122,22220,3,2,2,322,Average Customers
555,2024-12-19 10:55:00,12,123,18180,2,2,2,222,Lost Customers
556,2024-12-16 19:57:00,15,116,20315,2,2,2,222,Lost Customers
557,2024-12-14 10:09:00,17,114,17470,2,2,2,222,Lost Customers
558,2024-09-27 17:17:00,95,112,19395,1,2,2,122,Lost Customers
559,2024-12-18 16:33:00,13,121,19470,2,2,2,222,Lost Customers
560,2024-12-18 09:00:00,13,129,19870,2,2,2,222,Lost Customers
561,2024-12-27 10:24:00,4,109,19320,4,2,2,422,Average Customers
562,2024-12-27 17:03:00,4,119,21165,4,2,2,422,Average Customers
563,2024-08-01 17:35:00,152,70,11475,1,3,3,133,Average Customers
564,2024-12-16 10:28:00,15,102,17435,2,2,2,222,Lost Customers
565,2024-12-17 14:13:00,14,97,16780,2,2,2,222,Lost Customers
566,2024-08-02 12:19:00,151,46,6960,1,4,4,144,Average Customers
567,2024-07-03 15:31:00,181,46,7870,1,4,3,143,Average Customers
568,2024-04-01 16:29:00,274,2,420,1,4,4,144,Average Customers
569,2024-12-27 16:13:00,4,95,16335,4,2,2,422,Average Customers
570,2024-12-31 14:17:00,0,89,15895,4,3,2,432,Average Customers
571,2024-12-30 12:35:00,1,122,20555,4,2,2,422,Average Customers
572,2024-12-23 19:15:00,8,105,18480,3,2,2,322,Average Customers
573,2024-12-20 17:14:00,11,100,17190,2,2,2,222,Lost Customers
574,2024-05-31 19:50:00,214,30,4025,1,4,4,144,Average Customers
575,2024-12-27 09:03:00,4,95,14665,4,2,3,423,Lost Big Spenders
576,2024-12-16 11:18:00,15,99,15725,2,2,2,222,Lost Customers
577,2024-06-27 15:50:00,187,42,7735,1,4,3,143,Average Customers
578,2024-12-21 13:07:00,10,74,12020,3,3,3,333,Loyal Customers
579,2024-12-19 19:32:00,12,86,14935,2,3,3,233,Average Customers
580,2024-12-20 18:46:00,11,97,17175,2,2,2,222,Lost Customers
581,2024-10-30 15:19:00,62,82,14075,1,3,3,133,Average Customers
582,2024-11-29 17:29:00,32,84,14915,2,3,3,233,Average Customers
583,2024-12-18 12:38:00,13,91,14890,2,3,3,233,Average Customers
584,2024-12-16 12:10:00,15,76,14990,2,3,3,233,Average Customers
585,2024-12-23 18:38:00,8,92,15665,3,3,2,332,Average Customers
586,2024-12-24 09:58:00,7,79,16675,3,3,2,332,Average Customers
587,2024-12-16 09:00:00,15,74,11300,2,3,3,233,Average Customers
588,2024-12-18 10:45:00,13,96,18640,2,2,2,222,Lost Customers
589,2024-12-29 10:07:00,2,104,16030,4,2,2,422,Average Customers
590,2024-12-23 15:41:00,8,100,20735,3,2,2,322,Average Customers
591,2024-12-26 18:57:00,5,79,12480,4,3,3,433,Loyal Customers
592,2024-12-24 16:30:00,7,95,18175,3,2,2,322,Average Customers
593,2024-12-23 16:20:00,8,87,15455,3,3,2,332,Average Customers
594,2024-12-19 12:06:00,12,96,16450,2,2,2,222,Lost Customers
595,2024-12-21 15:26:00,10,94,16375,3,2,2,322,Average Customers
596,2024-12-28 08:00:00,3,100,15790,4,2,2,422,Average Customers
597,2024-07-01 12:40:00,183,52,10120,1,3,3,133,Average Customers
598,2024-12-18 12:59:00,13,92,14990,2,3,3,233,Average Customers
599,2024-07-02 11:56:00,182,16,2525,1,4,4,144,Average Customers
601,2024-12-23 16:42:00,8,76,11680,3,3,3,333,Loyal Customers
602,2024-12-23 16:37:00,8,74,12705,3,3,3,333,Loyal Customers
603,2024-12-31 09:12:00,0,70,11425,4,3,3,433,Loyal Customers
604,2024-07-03 08:12:00,181,24,5860,1,4,4,144,Average Customers
605,2024-12-21 17:47:00,10,63,12170,3,3,3,333,Loyal Customers
606,2024-12-17 09:21:00,14,61,10825,2,3,3,233,Average Customers
607,2024-12-17 18:38:00,14,91,16210,2,3,2,232,Average Customers
608,2024-12-23 15:58:00,8,65,11180,3,3,3,333,Loyal Customers
609,2024-12-31 12:44:00,0,81,15235,4,3,3,433,Loyal Customers
610,2024-07-03 18:42:00,181,16,2570,1,4,4,144,Average Customers
611,2024-06-29 15:41:00,185,24,3865,1,4,4,144,Average Customers
612,2024-12-18 14:34:00,13,77,12055,2,3,3,233,Average Customers
613,2024-12-27 16:40:00,4,85,17645,4,3,2,432,Average Customers
614,2024-12-22 10:25:00,9,65,12445,3,3,3,333,Loyal Customers
615,2024-12-23 16:25:00,8,73,11180,3,3,3,333,Loyal Customers
616,2024-06-27 12:40:00,187,19,3375,1,4,4,144,Average Customers
617,2024-12-16 16:06:00,15,67,11390,2,3,3,233,Average Customers
618,2024-07-04 17:34:00,180,22,4970,1,4,4,144,Average Customers
619,2024-12-28 15:09:00,3,83,12830,4,3,3,433,Loyal Customers
620,2024-12-23 16:07:00,8,49,6455,3,3,4,334,Loyal Customers
621,2024-06-04 12:26:00,210,2,280,1,4,4,144,Average Customers
623,2024-09-28 11:07:00,94,36,6315,1,4,4,144,Average Customers
624,2024-12-30 14:48:00,1,57,9415,4,3,3,433,Loyal Customers
625,2024-12-23 11:47:00,8,52,7230,3,3,4,334,Loyal Customers
626,2024-12-27 09:51:00,4,61,9870,4,3,3,433,Loyal Customers
627,2024-12-27 07:22:00,4,70,10930,4,3,3,433,Loyal Customers
628,2024-12-24 14:19:00,7,55,10690,3,3,3,333,Loyal Customers
629,2024-06-30 12:06:00,184,14,1725,1,4,4,144,Average Customers
630,2024-12-27 15:56:00,4,70,11890,4,3,3,433,Loyal Customers
631,2024-08-03 18:50:00,150,12,1470,1,4,4,144,Average Customers
632,2024-12-28 07:34:00,3,65,11390,4,3,3,433,Loyal Customers
633,2024-12-27 15:12:00,4,61,10015,4,3,3,433,Loyal Customers
634,2024-12-24 19:59:00,7,70,11865,3,3,3,333,Loyal Customers
636,2024-12-21 07:07:00,10,52,9000,3,3,3,333,Loyal Customers
637,2024-12-23 15:23:00,8,53,8830,3,3,3,333,Loyal Customers
638,2024-12-27 11:14:00,4,45,7335,4,4,4,444,Champions
639,2024-12-20 12:23:00,11,42,7620,2,4,4,244,Average Customers
640,2024-09-01 16:20:00,121,20,2555,1,4,4,144,Average Customers
641,2024-12-24 11:13:00,7,56,7850,3,3,3,333,Loyal Customers
642,2024-12-16 20:28:00,15,49,8445,2,3,3,233,Average Customers
643,2024-12-18 12:02:00,13,62,10515,2,3,3,233,Average Customers
644,2024-12-25 14:44:00,6,49,7850,4,3,3,433,Loyal Customers
645,2024-12-16 09:31:00,15,57,9635,2,3,3,233,Average Customers
646,2024-12-29 08:19:00,2,53,10045,4,3,3,433,Loyal Customers
648,2024-12-13 08:16:00,18,51,8965,2,3,3,233,Average Customers
649,2024-12-23 10:16:00,8,49,8950,3,3,3,333,Loyal Customers
650,2024-12-27 10:08:00,4,46,9380,4,4,3,443,Loyal Customers
651,2024-12-20 15:17:00,11,46,7215,2,4,4,244,Average Customers
653,2024-10-28 15:37:00,64,38,6610,1,4,4,144,Average Customers
654,2024-12-23 19:15:00,8,54,8350,3,3,3,333,Loyal Customers
655,2024-12-18 17:04:00,13,40,7500,2,4,4,244,Average Customers
656,2024-12-27 15:54:00,4,51,10015,4,3,3,433,Loyal Customers
657,2024-12-06 13:20:00,25,42,7205,2,4,4,244,Average Customers
658,2024-12-19 20:01:00,12,46,8315,2,4,3,243,Average Customers
659,2024-12-31 13:39:00,0,53,10280,4,3,3,433,Loyal Customers
660,2024-12-27 13:04:00,4,47,7155,4,3,4,434,Loyal Customers
661,2024-12-23 10:25:00,8,59,9715,3,3,3,333,Loyal Customers
662,2024-12-20 19:34:00,11,54,9390,2,3,3,233,Average Customers
663,2024-12-18 19:06:00,13,52,10140,2,3,3,233,Average Customers
664,2024-09-29 14:31:00,93,29,4755,1,4,4,144,Average Customers
665,2024-12-29 14:48:00,2,37,6555,4,4,4,444,Champions
666,2024-12-27 12:52:00,4,44,6595,4,4,4,444,Champions
667,2024-12-20 15:47:00,11,57,11620,2,3,3,233,Average Customers
668,2024-12-24 08:06:00,7,42,7745,3,4,3,343,Loyal Customers
669,2024-12-19 12:39:00,12,48,8440,2,3,3,233,Average Customers
670,2024-12-24 13:12:00,7,39,6920,3,4,4,344,Loyal Customers
671,2024-12-21 17:53:00,10,43,6615,3,4,4,344,Loyal Customers
672,2024-12-28 08:22:00,3,51,6875,4,3,4,434,Loyal Customers
673,2024-12-29 20:50:00,2,49,6930,4,3,4,434,Loyal Customers
674,2024-12-30 09:16:00,1,50,7950,4,3,3,433,Loyal Customers
675,2024-12-20 12:02:00,11,59,9755,2,3,3,233,Average Customers
676,2024-12-22 12:24:00,9,55,9040,3,3,3,333,Loyal Customers
677,2024-12-21 14:24:00,10,44,6480,3,4,4,344,Loyal Customers
678,2024-12-24 14:33:00,7,34,5605,3,4,4,344,Loyal Customers
679,2024-11-29 18:58:00,32,33,5080,2,4,4,244,Average Customers
680,2024-12-24 09:51:00,7,50,9005,3,3,3,333,Loyal Customers
681,2024-12-20 08:48:00,11,52,9210,2,3,3,233,Average Customers
682,2024-12-27 15:37:00,4,39,6760,4,4,4,444,Champions
683,2024-12-20 16:13:00,11,48,7335,2,3,4,234,Average Customers
685,2024-12-31 13:27:00,0,51,8830,4,3,3,433,Loyal Customers
687,2024-12-23 15:22:00,8,43,8605,3,4,3,343,Loyal Customers
688,2024-12-21 17:48:00,10,45,7695,3,4,3,343,Loyal Customers
689,2024-12-09 15:25:00,22,41,6865,2,4,4,244,Average Customers
690,2024-12-21 12:12:00,10,39,7535,3,4,4,344,Loyal Customers
692,2024-12-24 13:11:00,7,47,6780,3,3,4,334,Loyal Customers
693,2024-12-10 12:02:00,21,25,3865,2,4,4,244,Average Customers
694,2024-12-23 17:23:00,8,26,5185,3,4,4,344,Loyal Customers
695,2024-12-22 18:41:00,9,32,5130,3,4,4,344,Loyal Customers
696,2024-12-31 08:02:00,0,28,4865,4,4,4,444,Champions
697,2024-12-24 15:15:00,7,29,4695,3,4,4,344,Loyal Customers
698,2024-12-27 13:57:00,4,44,7645,4,4,4,444,Champions
699,2024-12-24 10:52:00,7,26,4230,3,4,4,344,Loyal Customers
700,2024-12-20 20:35:00,11,30,5320,2,4,4,244,Average Customers
701,2024-12-24 12:49:00,7,31,5645,3,4,4,344,Loyal Customers
702,2024-11-27 16:39:00,34,30,5355,1,4,4,144,Average Customers
703,2024-12-14 19:24:00,17,47,8415,2,3,3,233,Average Customers
705,2024-09-01 17:08:00,121,1,140,1,4,4,144,Average Customers
706,2024-12-27 12:42:00,4,33,6215,4,4,4,444,Champions
707,2024-12-23 08:30:00,8,35,6465,3,4,4,344,Loyal Customers
708,2024-10-01 14:14:00,91,15,2265,1,4,4,144,Average Customers
709,2024-12-23 17:42:00,8,26,5550,3,4,4,344,Loyal Customers
710,2024-11-01 15:21:00,60,9,935,1,4,4,144,Average Customers
712,2024-12-28 12:05:00,3,22,2470,4,4,4,444,Champions
713,2024-12-31 13:28:00,0,25,4265,4,4,4,444,Champions
715,2024-12-27 07:44:00,4,23,3805,4,4,4,444,Champions
716,2024-12-23 15:08:00,8,23,4025,3,4,4,344,Loyal Customers
717,2024-12-19 16:11:00,12,24,3845,2,4,4,244,Average Customers
718,2024-12-17 10:20:00,14,32,5920,2,4,4,244,Average Customers
719,2024-12-27 08:30:00,4,26,4430,4,4,4,444,Champions
722,2024-12-20 16:14:00,11,21,3985,2,4,4,244,Average Customers
723,2024-12-06 15:54:00,25,17,2375,2,4,4,244,Average Customers
724,2024-12-30 13:09:00,1,27,5660,4,4,4,444,Champions
725,2024-12-23 11:15:00,8,25,5255,3,4,4,344,Loyal Customers
726,2024-12-23 10:17:00,8,25,3365,3,4,4,344,Loyal Customers
728,2024-12-30 12:34:00,1,14,2410,4,4,4,444,Champions
729,2024-12-26 08:36:00,5,17,2320,4,4,4,444,Champions
730,2024-12-26 09:51:00,5,14,2445,4,4,4,444,Champions
731,2024-12-23 09:08:00,8,11,2175,3,4,4,344,Loyal Customers
732,2024-12-29 10:49:00,2,12,2220,4,4,4,444,Champions
733,2024-12-09 11:34:00,22,10,2445,2,4,4,244,Average Customers
734,2024-12-30 09:18:00,1,14,2410,4,4,4,444,Champions
735,2024-12-21 09:26:00,10,15,1870,3,4,4,344,Loyal Customers
736,2024-12-30 14:00:00,1,14,2105,4,4,4,444,Champions
737,2024-12-16 19:10:00,15,12,1840,2,4,4,244,Average Customers
738,2024-12-27 21:37:00,4,5,1135,4,4,4,444,Champions
740,2024-12-18 13:22:00,13,6,1915,2,4,4,244,Average Customers
741,2024-12-16 12:46:00,15,3,295,2,4,4,244,Average Customers
742,2024-12-10 11:07:00,21,3,430,2,4,4,244,Average Customers
743,2024-12-24 09:04:00,7,7,1135,3,4,4,344,Loyal Customers
744,2024-12-28 12:39:00,3,5,750,4,4,4,444,Champions
745,2024-12-18 16:18:00,13,8,2615,2,4,4,244,Average Customers
746,2024-12-26 13:26:00,5,6,685,4,4,4,444,Champions
747,2024-12-19 14:15:00,12,3,210,2,4,4,244,Average Customers
748,2024-12-27 09:04:00,4,9,1410,4,4,4,444,Champions
749,2024-12-27 09:28:00,4,14,1865,4,4,4,444,Champions
750,2024-12-19 10:15:00,12,5,570,2,4,4,244,Average Customers
751,2024-12-25 08:17:00,6,9,1120,4,4,4,444,Champions
